# Revolver - Quaternius, CC0 (poly.pizza/m/XrnLUz6kQj)
# Converted from glTF: origin at grip, barrel along +Z, scaled to 0.25 m overall.
mtllib Revolver.mtl

v 0.003389 0.021519 0.074274
v -0.003389 0.025011 0.071252
v -0.003389 0.021519 0.074274
v 0.003389 0.025011 0.071252
v -0.003389 0.022594 0.069712
v -0.003389 0.021519 0.074274
v -0.003389 0.025011 0.071252
v -0.003389 0.020111 0.073279
v 0.003389 0.022594 0.069712
v 0.003389 0.025011 0.071252
v 0.003389 0.021519 0.074274
v 0.003389 0.020111 0.073279
v 0.003389 0.020111 0.073279
v -0.003389 0.021519 0.074274
v -0.003389 0.020111 0.073279
v 0.003389 0.021519 0.074274
v 0.003389 0.027661 0.066302
v 0.003389 0.028136 0.069902
v 0.003389 0.025011 0.071252
v 0.003389 0.022594 0.069712
v -0.003389 0.027661 0.066302
v 0.003389 0.022594 0.069712
v -0.003389 0.022594 0.069712
v 0.003389 0.027661 0.066302
v 0.003389 0.025011 0.071252
v -0.003389 0.028136 0.069902
v -0.003389 0.025011 0.071252
v 0.003389 0.028136 0.069902
v -0.003389 0.022594 0.069712
v 0.003389 0.022594 0.069712
v 0.003389 0.020111 0.073279
v -0.003389 0.020111 0.073279
v 0.003389 0.032794 0.065077
v 0.003389 0.028136 0.069902
v 0.003389 0.027661 0.066302
v 0.003389 0.034013 0.069251
v -0.003389 0.032794 0.065077
v 0.003389 0.027661 0.066302
v -0.003389 0.027661 0.066302
v 0.003389 0.032794 0.065077
v 0.003389 0.028136 0.069902
v -0.003389 0.034013 0.069251
v -0.003389 0.028136 0.069902
v 0.003389 0.034013 0.069251
v -0.003389 0.025011 0.071252
v -0.003389 0.027661 0.066302
v -0.003389 0.022594 0.069712
v -0.003389 0.028136 0.069902
v 0.003389 0.034013 0.069251
v -0.003389 0.038147 0.072235
v -0.003389 0.034013 0.069251
v 0.003389 0.038147 0.072235
v -0.003389 0.037249 0.064726
v 0.003389 0.032794 0.065077
v -0.003389 0.032794 0.065077
v 0.003389 0.037249 0.064726
v -0.003389 0.034013 0.069251
v -0.003389 0.037249 0.064726
v -0.003389 0.032794 0.065077
v -0.003389 0.038147 0.072235
v -0.003389 0.028136 0.069902
v -0.003389 0.032794 0.065077
v -0.003389 0.027661 0.066302
v -0.003389 0.034013 0.069251
v -0.003389 0.038502 0.058978
v 0.003389 0.038502 0.058978
v 0.003389 0.037249 0.064726
v -0.003389 0.037249 0.064726
v 0.003389 0.038502 0.058978
v 0.003389 0.046359 0.067151
v 0.003389 0.037249 0.064726
v 0.003389 0.046359 0.057894
v -0.003389 0.038147 0.072235
v -0.003389 0.046359 0.067151
v -0.003389 0.037249 0.064726
v 0.003389 0.038147 0.072235
v -0.003389 0.046359 0.075723
v -0.003389 0.038147 0.072235
v 0.003389 0.046359 0.075723
v -0.003389 0.038502 0.058978
v -0.003389 0.046359 0.075723
v -0.003389 0.046359 0.057894
v -0.003389 0.046359 0.057894
v 0.003389 0.038502 0.058978
v -0.003389 0.038502 0.058978
v 0.003389 0.046359 0.057894
v 0.003389 0.046359 0.067151
v 0.003389 0.038147 0.072235
v 0.003389 0.037249 0.064726
v 0.003389 0.046359 0.075723
v 0.003389 0.037249 0.064726
v 0.003389 0.034013 0.069251
v 0.003389 0.032794 0.065077
v 0.003389 0.038147 0.072235
v 0.003389 0.046359 0.067151
v -0.003389 0.046359 0.057894
v -0.003389 0.046359 0.067151
v 0.003389 0.046359 0.057894
v 0.003389 0.046359 0.075723
v -0.003389 0.046359 0.075723
v -0.005284 0.048397 0.004114
v 0.005284 0.048397 0.004114
v 0.005644 0.036757 -0.005839
v -0.005644 0.036757 -0.005839
v -0.009247 0.035423 -0.003048
v -0.008997 0.028850 0.018712
v -0.008656 0.046455 0.006532
v -0.009247 0.017588 0.014913
v 0.008997 0.028850 0.018712
v 0.009247 0.035423 -0.003048
v 0.008656 0.046455 0.006532
v 0.009247 0.017588 0.014913
v 0.005644 0.016507 0.017899
v -0.005644 0.026817 0.020579
v -0.005644 0.016507 0.017899
v 0.005644 0.026817 0.020579
v -0.009247 0.035423 -0.003048
v -0.008656 0.046455 0.006532
v -0.005284 0.048397 0.004114
v -0.005644 0.036757 -0.005839
v 0.008066 0.061116 0.010151
v 0.008656 0.046455 0.006532
v 0.005284 0.048397 0.004114
v 0.004923 0.063666 0.008106
v -0.009247 0.017588 0.014913
v -0.005644 0.026817 0.020579
v -0.008997 0.028850 0.018712
v -0.005644 0.016507 0.017899
v 0.005644 0.030908 0.024296
v 0.008997 0.028850 0.018712
v 0.008747 0.033891 0.023547
v 0.005644 0.026817 0.020579
v -0.009247 0.001732 0.012444
v -0.009247 -0.015896 -0.020374
v -0.009247 -0.015329 0.013997
v -0.009247 0.015329 -0.013502
v 0.009247 -0.015896 -0.020374
v 0.009247 0.001732 0.012444
v 0.009247 -0.015329 0.013997
v 0.009247 0.015329 -0.013502
v -0.005644 0.015685 -0.016715
v 0.005644 0.036757 -0.005839
v 0.005644 0.015685 -0.016715
v -0.005644 0.036757 -0.005839
v 0.005644 0.001421 0.015602
v 0.005644 -0.016446 0.017225
v 0.009247 -0.015329 0.013997
v 0.009247 0.001732 0.012444
v -0.009247 -0.015329 0.013997
v -0.005644 0.001421 0.015602
v -0.009247 0.001732 0.012444
v -0.005644 -0.016446 0.017225
v 0.009247 -0.015896 -0.020374
v 0.005644 0.015685 -0.016715
v 0.009247 0.015329 -0.013502
v 0.005644 -0.016859 -0.023745
v -0.009247 -0.015896 -0.020374
v -0.005644 0.015685 -0.016715
v -0.005644 -0.016859 -0.023745
v -0.009247 0.015329 -0.013502
v -0.005644 -0.023762 0.013083
v -0.009247 -0.020703 -0.017434
v -0.005644 -0.023843 -0.018871
v -0.009247 -0.020623 0.011709
v 0.005644 -0.023762 0.013083
v 0.009247 -0.020703 -0.017434
v 0.009247 -0.020623 0.011709
v 0.005644 -0.023843 -0.018871
v 0.005644 -0.016446 0.017225
v 0.005644 -0.023762 0.013083
v 0.009247 -0.020623 0.011709
v 0.009247 -0.015329 0.013997
v -0.009247 -0.020623 0.011709
v -0.005644 -0.016446 0.017225
v -0.009247 -0.015329 0.013997
v -0.005644 -0.023762 0.013083
v -0.005644 -0.016859 -0.023745
v -0.005644 -0.023843 -0.018871
v -0.009247 -0.020703 -0.017434
v -0.009247 -0.015896 -0.020374
v 0.009247 -0.020703 -0.017434
v 0.005644 -0.016859 -0.023745
v 0.009247 -0.015896 -0.020374
v 0.005644 -0.023843 -0.018871
v -0.008066 0.043977 0.030499
v -0.004923 0.047267 0.032874
v -0.008066 0.045806 0.029922
v -0.004923 0.040738 0.034178
v 0.004923 0.047267 0.032874
v 0.004923 0.040738 0.034178
v 0.008066 0.044120 0.030643
v 0.008066 0.045806 0.029922
v -0.008066 0.060811 0.016674
v -0.004923 0.063666 0.008106
v -0.008066 0.061116 0.010151
v -0.004923 0.063285 0.018732
v 0.008066 0.060811 0.016674
v 0.004923 0.063666 0.008106
v 0.004923 0.063285 0.018732
v 0.008066 0.061116 0.010151
v 0.008066 0.045806 0.029922
v 0.008066 0.060811 0.016674
v 0.004923 0.063285 0.018732
v 0.004923 0.047267 0.032874
v -0.004923 0.063285 0.018732
v -0.008066 0.045806 0.029922
v -0.004923 0.047267 0.032874
v -0.008066 0.060811 0.016674
v 0.004923 0.040738 0.034178
v 0.008747 0.033891 0.023547
v 0.008066 0.044120 0.030643
v 0.005644 0.030908 0.024296
v -0.008747 0.033891 0.023547
v -0.004923 0.040738 0.034178
v -0.008066 0.043977 0.030499
v -0.005644 0.030908 0.024296
v 0.005644 0.026817 0.020579
v 0.005644 0.016507 0.017899
v 0.009247 0.017588 0.014913
v 0.008997 0.028850 0.018712
v -0.008997 0.028850 0.018712
v -0.005644 0.030908 0.024296
v -0.008747 0.033891 0.023547
v -0.005644 0.026817 0.020579
v 0.005284 0.048397 0.004114
v 0.009247 0.035423 -0.003048
v 0.005644 0.036757 -0.005839
v 0.008656 0.046455 0.006532
v -0.005284 0.048397 0.004114
v -0.008066 0.061116 0.010151
v -0.004923 0.063666 0.008106
v -0.008656 0.046455 0.006532
v 0.009247 0.035423 -0.003048
v 0.009247 0.015329 -0.013502
v 0.005644 0.015685 -0.016715
v 0.005644 0.036757 -0.005839
v -0.005644 0.015685 -0.016715
v -0.009247 0.035423 -0.003048
v -0.005644 0.036757 -0.005839
v -0.009247 0.015329 -0.013502
v -0.009247 0.001732 0.012444
v -0.005644 0.016507 0.017899
v -0.009247 0.017588 0.014913
v -0.005644 0.001421 0.015602
v 0.009247 0.001732 0.012444
v 0.005644 0.016507 0.017899
v 0.005644 0.001421 0.015602
v 0.009247 0.017588 0.014913
v 0.005644 -0.016446 0.017225
v -0.005644 -0.023762 0.013083
v 0.005644 -0.023762 0.013083
v -0.005644 -0.016446 0.017225
v -0.005644 -0.023762 0.013083
v 0.005644 -0.023843 -0.018871
v 0.005644 -0.023762 0.013083
v -0.005644 -0.023843 -0.018871
v -0.008066 0.045806 0.029922
v -0.008747 0.033891 0.023547
v -0.008066 0.043977 0.030499
v -0.008066 0.060811 0.016674
v -0.008066 0.061116 0.010151
v -0.005644 -0.016859 -0.023745
v 0.005644 -0.016859 -0.023745
v 0.005644 -0.023843 -0.018871
v -0.005644 -0.023843 -0.018871
v 0.004923 0.063285 0.018732
v -0.004923 0.063285 0.018732
v -0.004923 0.047267 0.032874
v 0.004923 0.047267 0.032874
v 0.004923 0.040738 0.034178
v -0.004923 0.047267 0.032874
v -0.004923 0.040738 0.034178
v 0.004923 0.047267 0.032874
v 0.008747 0.033891 0.023547
v 0.008066 0.060811 0.016674
v 0.008066 0.045806 0.029922
v 0.008066 0.044120 0.030643
v 0.008066 0.061116 0.010151
v -0.004923 0.063666 0.008106
v 0.004923 0.063285 0.018732
v 0.004923 0.063666 0.008106
v -0.004923 0.063285 0.018732
v 0.005644 0.026817 0.020579
v -0.005644 0.030908 0.024296
v -0.005644 0.026817 0.020579
v 0.005644 0.030908 0.024296
v 0.008747 0.033891 0.023547
v 0.008656 0.046455 0.006532
v 0.008066 0.061116 0.010151
v 0.008997 0.028850 0.018712
v -0.005644 0.030908 0.024296
v 0.005644 0.030908 0.024296
v 0.004923 0.040738 0.034178
v -0.004923 0.040738 0.034178
v 0.009247 -0.020703 -0.017434
v 0.009247 -0.015329 0.013997
v 0.009247 -0.020623 0.011709
v 0.009247 -0.015896 -0.020374
v 0.009247 0.017588 0.014913
v 0.009247 0.015329 -0.013502
v 0.009247 0.035423 -0.003048
v 0.009247 0.001732 0.012444
v -0.009247 -0.020703 -0.017434
v -0.009247 -0.015329 0.013997
v -0.009247 -0.015896 -0.020374
v -0.009247 -0.020623 0.011709
v -0.008656 0.046455 0.006532
v -0.008747 0.033891 0.023547
v -0.008066 0.061116 0.010151
v -0.008997 0.028850 0.018712
v 0.005644 -0.016446 0.017225
v -0.005644 0.001421 0.015602
v -0.005644 -0.016446 0.017225
v 0.005644 0.001421 0.015602
v -0.009247 0.015329 -0.013502
v -0.009247 0.017588 0.014913
v -0.009247 0.035423 -0.003048
v -0.009247 0.001732 0.012444
v 0.005644 0.016507 0.017899
v -0.005644 0.001421 0.015602
v 0.005644 0.001421 0.015602
v -0.005644 0.016507 0.017899
v -0.005284 0.048397 0.004114
v 0.004923 0.063666 0.008106
v 0.005284 0.048397 0.004114
v -0.004923 0.063666 0.008106
v 0.005644 -0.016859 -0.023745
v -0.005644 0.015685 -0.016715
v 0.005644 0.015685 -0.016715
v -0.005644 -0.016859 -0.023745
v -0.008717 0.086253 0.118250
v -0.008717 0.093474 0.104988
v -0.008717 0.086253 0.104988
v -0.008717 0.093474 0.118250
v -0.003611 0.098581 0.118250
v 0.003611 0.098581 0.104988
v -0.003611 0.098581 0.104988
v 0.003611 0.098581 0.118250
v 0.008717 0.093474 0.104988
v 0.008717 0.086253 0.118250
v 0.008717 0.086253 0.104988
v 0.008717 0.093474 0.118250
v -0.003611 0.081147 0.118250
v -0.008717 0.086253 0.104988
v -0.003611 0.081147 0.104988
v -0.008717 0.086253 0.118250
v -0.008717 0.093474 0.118250
v -0.003611 0.098581 0.104988
v -0.008717 0.093474 0.104988
v -0.003611 0.098581 0.118250
v 0.003611 0.098581 0.118250
v 0.008717 0.093474 0.104988
v 0.003611 0.098581 0.104988
v 0.008717 0.093474 0.118250
v 0.008717 0.086253 0.118250
v 0.003611 0.081147 0.104988
v 0.008717 0.086253 0.104988
v 0.003611 0.081147 0.118250
v 0.003611 0.081147 0.118250
v -0.003611 0.081147 0.104988
v 0.003611 0.081147 0.104988
v -0.003611 0.081147 0.118250
v 0.003091 0.097327 0.118250
v 0.008717 0.093474 0.118250
v 0.003611 0.098581 0.118250
v 0.007463 0.092955 0.118250
v -0.008717 0.086253 0.118250
v -0.007463 0.092955 0.118250
v -0.008717 0.093474 0.118250
v -0.007463 0.086772 0.118250
v 0.003611 0.081147 0.118250
v -0.003091 0.082401 0.118250
v -0.003611 0.081147 0.118250
v 0.003091 0.082401 0.118250
v 0.003091 0.082401 0.118250
v 0.008717 0.086253 0.118250
v 0.007463 0.086772 0.118250
v 0.003611 0.081147 0.118250
v 0.003091 0.097327 0.118250
v -0.003611 0.098581 0.118250
v -0.003091 0.097327 0.118250
v 0.003611 0.098581 0.118250
v -0.007463 0.086772 0.118250
v -0.003611 0.081147 0.118250
v -0.003091 0.082401 0.118250
v -0.008717 0.086253 0.118250
v 0.008717 0.086253 0.118250
v 0.007463 0.092955 0.118250
v 0.007463 0.086772 0.118250
v 0.008717 0.093474 0.118250
v -0.005568 0.085479 0.172566
v -0.005568 0.080065 0.172566
v -0.002306 0.084028 0.172566
v 0.005568 0.080065 0.172566
v 0.005568 0.085479 0.172566
v 0.002306 0.084028 0.172566
v 0.002306 0.076803 0.168487
v -0.005568 0.080065 0.172566
v -0.002306 0.076803 0.168487
v 0.005568 0.080065 0.172566
v 0.005568 0.080065 0.103755
v 0.005568 0.080065 0.172566
v 0.002306 0.076803 0.168487
v 0.002306 0.076803 0.103755
v 0.005568 0.085479 0.103755
v 0.005568 0.080065 0.172566
v 0.005568 0.080065 0.103755
v 0.005568 0.085479 0.172566
v 0.002306 0.084028 0.172566
v 0.005568 0.085479 0.103755
v 0.002306 0.084028 0.103755
v 0.005568 0.085479 0.172566
v -0.002306 0.084028 0.172566
v 0.002306 0.084028 0.103755
v -0.002306 0.084028 0.103755
v 0.002306 0.084028 0.172566
v -0.005568 0.085479 0.172566
v -0.002306 0.084028 0.103755
v -0.005568 0.085479 0.103755
v -0.002306 0.084028 0.172566
v -0.005568 0.080065 0.172566
v -0.005568 0.085479 0.103755
v -0.005568 0.080065 0.103755
v -0.005568 0.085479 0.172566
v -0.002306 0.076803 0.168487
v -0.005568 0.080065 0.103755
v -0.002306 0.076803 0.103755
v -0.005568 0.080065 0.172566
v -0.002306 0.076803 0.168487
v -0.002306 0.076803 0.103755
v 0.002306 0.076803 0.103755
v 0.002306 0.076803 0.168487
v -0.005360 0.087643 0.164161
v -0.005360 0.087643 0.226255
v -0.002220 0.084503 0.164161
v -0.002220 0.084503 0.226255
v -0.002220 0.095224 0.164161
v -0.002220 0.095224 0.226255
v -0.005360 0.092084 0.164161
v -0.005360 0.092084 0.226255
v 0.005360 0.092084 0.226255
v 0.002220 0.095224 0.164161
v 0.005360 0.092084 0.164161
v 0.002220 0.095224 0.226255
v 0.002220 0.084503 0.164161
v 0.005360 0.087643 0.226255
v 0.005360 0.087643 0.164161
v 0.002220 0.084503 0.226255
v -0.002220 0.084503 0.164161
v 0.002220 0.084503 0.226255
v 0.002220 0.084503 0.164161
v -0.002220 0.084503 0.226255
v -0.005360 0.092084 0.164161
v -0.005360 0.092084 0.226255
v -0.005360 0.087643 0.164161
v -0.005360 0.087643 0.226255
v 0.002220 0.095224 0.226255
v -0.002220 0.095224 0.164161
v 0.002220 0.095224 0.164161
v -0.002220 0.095224 0.226255
v -0.005360 0.092084 0.164161
v 0.002220 0.095224 0.164161
v -0.002220 0.095224 0.164161
v -0.005360 0.087643 0.164161
v 0.002220 0.084503 0.164161
v 0.005360 0.092084 0.164161
v 0.005360 0.087643 0.164161
v -0.002220 0.084503 0.164161
v 0.002220 0.095224 0.226255
v -0.002676 0.096324 0.226255
v -0.002220 0.095224 0.226255
v 0.002676 0.096324 0.226255
v 0.006460 0.087188 0.226255
v 0.005360 0.092084 0.226255
v 0.005360 0.087643 0.226255
v 0.006460 0.092540 0.226255
v -0.005360 0.087643 0.226255
v -0.002676 0.083404 0.226255
v -0.002220 0.084503 0.226255
v -0.006460 0.087188 0.226255
v -0.006460 0.092540 0.226255
v -0.002220 0.095224 0.226255
v -0.002676 0.096324 0.226255
v -0.005360 0.092084 0.226255
v 0.002676 0.096324 0.226255
v 0.005360 0.092084 0.226255
v 0.006460 0.092540 0.226255
v 0.002220 0.095224 0.226255
v 0.005360 0.087643 0.226255
v 0.002220 0.084503 0.226255
v 0.002676 0.083404 0.226255
v 0.006460 0.087188 0.226255
v -0.002676 0.083404 0.226255
v -0.002220 0.084503 0.226255
v 0.005360 0.087643 0.226255
v 0.005360 0.092084 0.164161
v 0.005360 0.087643 0.164161
v 0.005360 0.092084 0.226255
v -0.002676 0.083404 0.224709
v 0.002676 0.083404 0.224709
v 0.002676 0.083404 0.226255
v -0.002676 0.083404 0.226255
v -0.006460 0.092540 0.224709
v -0.006460 0.087188 0.224709
v -0.006460 0.087188 0.226255
v -0.006460 0.092540 0.226255
v -0.002676 0.096324 0.224709
v 0.002676 0.096324 0.226255
v 0.002676 0.096324 0.224709
v -0.002676 0.096324 0.226255
v 0.006460 0.087188 0.224709
v 0.006460 0.092540 0.226255
v 0.006460 0.087188 0.226255
v 0.006460 0.092540 0.224709
v -0.006460 0.087188 0.224709
v -0.002676 0.083404 0.224709
v -0.002676 0.083404 0.226255
v -0.006460 0.087188 0.226255
v -0.002676 0.096324 0.224709
v -0.006460 0.092540 0.224709
v -0.006460 0.092540 0.226255
v -0.002676 0.096324 0.226255
v 0.002676 0.096324 0.224709
v 0.006460 0.092540 0.226255
v 0.006460 0.092540 0.224709
v 0.002676 0.096324 0.226255
v -0.006460 0.092540 0.226255
v -0.006460 0.087188 0.226255
v -0.005360 0.087643 0.226255
v -0.005360 0.092084 0.226255
v -0.003091 0.097327 0.224709
v -0.006460 0.092540 0.224709
v -0.002676 0.096324 0.224709
v 0.002676 0.096324 0.224709
v 0.006460 0.092540 0.224709
v 0.007463 0.092955 0.224709
v -0.007463 0.092955 0.224709
v -0.007463 0.086772 0.224709
v -0.006460 0.087188 0.224709
v -0.002676 0.083404 0.224709
v 0.003091 0.082401 0.224709
v 0.002676 0.083404 0.224709
v -0.003091 0.082401 0.224709
v 0.007463 0.086772 0.224709
v 0.002676 0.083404 0.224709
v 0.003091 0.082401 0.224709
v 0.006460 0.087188 0.224709
v 0.003091 0.097327 0.224709
v -0.003091 0.097327 0.224709
v -0.002676 0.096324 0.224709
v 0.002676 0.096324 0.224709
v -0.007463 0.086772 0.224709
v -0.002676 0.083404 0.224709
v -0.006460 0.087188 0.224709
v -0.003091 0.082401 0.224709
v 0.002676 0.083404 0.224709
v 0.006460 0.087188 0.226255
v 0.002676 0.083404 0.226255
v 0.006460 0.087188 0.224709
v -0.003091 0.097327 0.118250
v -0.008717 0.093474 0.118250
v -0.007463 0.092955 0.118250
v -0.003611 0.098581 0.118250
v 0.003091 0.082401 0.224709
v 0.007463 0.086772 0.118250
v 0.007463 0.086772 0.224709
v 0.003091 0.082401 0.118250
v 0.007463 0.092955 0.118250
v 0.007463 0.092955 0.224709
v 0.007463 0.086772 0.224709
v 0.007463 0.086772 0.118250
v 0.006460 0.087188 0.224709
v 0.007463 0.086772 0.224709
v 0.003091 0.097327 0.224709
v 0.003091 0.097327 0.118250
v 0.007463 0.092955 0.224709
v 0.007463 0.092955 0.118250
v 0.003091 0.097327 0.224709
v -0.003091 0.097327 0.224709
v 0.003091 0.097327 0.118250
v -0.003091 0.097327 0.118250
v 0.003091 0.097327 0.224709
v -0.007463 0.092955 0.224709
v -0.003091 0.097327 0.118250
v -0.007463 0.092955 0.118250
v -0.003091 0.097327 0.224709
v -0.007463 0.092955 0.224709
v -0.007463 0.086772 0.118250
v -0.007463 0.086772 0.224709
v -0.007463 0.092955 0.118250
v -0.007463 0.086772 0.224709
v -0.003091 0.082401 0.118250
v -0.003091 0.082401 0.224709
v -0.007463 0.086772 0.118250
v -0.003091 0.082401 0.224709
v 0.003091 0.082401 0.118250
v 0.003091 0.082401 0.224709
v -0.003091 0.082401 0.118250
v -0.001238 0.096549 0.214297
v -0.001238 0.101807 0.217647
v -0.001238 0.102442 0.214297
v -0.001238 0.101807 0.210948
v -0.001238 0.096549 0.210948
v -0.001238 0.102442 0.214297
v 0.001238 0.101807 0.210948
v -0.001238 0.101807 0.210948
v 0.001238 0.102442 0.214297
v 0.009515 0.068924 0.028861
v 0.009515 0.070467 0.053628
v 0.009515 0.050546 0.053628
v 0.009515 0.079298 0.038987
v -0.009515 0.068924 0.028861
v -0.009515 0.070467 0.053628
v -0.009515 0.079298 0.038987
v -0.009515 0.050546 0.053628
v -0.005878 0.081319 0.035889
v 0.005878 0.094627 0.041951
v 0.005878 0.081319 0.035889
v -0.005878 0.094627 0.041951
v -0.009515 0.068924 0.028861
v -0.005878 0.081319 0.035889
v -0.005878 0.071744 0.026095
v -0.009515 0.079298 0.038987
v 0.009515 0.093403 0.045380
v 0.005878 0.081319 0.035889
v 0.005878 0.094627 0.041951
v 0.009515 0.079298 0.038987
v -0.009515 0.050546 0.101901
v -0.009515 0.057123 0.091234
v -0.009515 0.050546 0.091234
v -0.009515 0.057104 0.101980
v -0.009515 0.064031 0.091234
v -0.009515 0.064031 0.091234
v 0.009515 0.057123 0.091234
v -0.009515 0.057123 0.091234
v 0.009515 0.064031 0.091234
v 0.009515 0.064031 0.091234
v 0.009515 0.057104 0.101980
v 0.009515 0.057123 0.091234
v 0.009515 0.064010 0.103773
v 0.009515 0.064010 0.103773
v -0.009515 0.057104 0.101980
v 0.009515 0.057104 0.101980
v -0.009515 0.064010 0.103773
v 0.009515 0.057104 0.101980
v -0.009515 0.050546 0.101901
v 0.009515 0.050546 0.101901
v -0.009515 0.057104 0.101980
v 0.009515 0.057123 0.091234
v 0.009515 0.057104 0.101980
v 0.009515 0.050546 0.101901
v 0.009515 0.050546 0.091234
v -0.009515 0.070019 0.091234
v 0.009515 0.064031 0.091234
v -0.009515 0.064031 0.091234
v 0.009515 0.070019 0.091234
v -0.009515 0.064010 0.103773
v -0.009515 0.070019 0.091234
v 0.009515 0.070019 0.091234
v 0.009515 0.064010 0.103773
v 0.009515 0.064031 0.091234
v 0.009515 0.069853 0.106836
v -0.009515 0.057123 0.091234
v 0.009515 0.050546 0.091234
v -0.009515 0.050546 0.091234
v 0.009515 0.057123 0.091234
v 0.009515 0.069853 0.106836
v -0.009515 0.069853 0.106836
v -0.009515 0.064010 0.103773
v 0.009515 0.064010 0.103773
v 0.008238 0.037317 0.094808
v 0.009515 0.041673 0.085797
v 0.009515 0.041485 0.096940
v 0.007958 0.037323 0.086464
v -0.008238 0.037317 0.094808
v -0.009515 0.041673 0.085797
v -0.007958 0.037323 0.086464
v -0.009515 0.041485 0.096940
v 0.009515 0.033926 0.030567
v 0.009515 0.048058 0.037509
v 0.009534 0.032562 0.040102
v 0.009515 0.044498 0.025228
v -0.009515 0.033926 0.030567
v -0.009515 0.044498 0.025228
v -0.009515 0.031180 0.026644
v -0.007726 0.027261 0.044353
v 0.009534 0.032562 0.040102
v 0.007726 0.027261 0.044353
v -0.009534 0.032562 0.040102
v 0.009534 0.032562 0.040102
v -0.009515 0.033926 0.030567
v 0.009515 0.033926 0.030567
v -0.009534 0.032562 0.040102
v -0.007958 0.037323 0.086464
v 0.009515 0.041673 0.085797
v -0.009515 0.041673 0.085797
v 0.007958 0.037323 0.086464
v 0.008238 0.037317 0.094808
v -0.009515 0.041485 0.096940
v -0.008238 0.037317 0.094808
v 0.009515 0.041485 0.096940
v -0.007092 0.034376 0.088158
v 0.007958 0.037323 0.086464
v 0.007092 0.034376 0.088158
v -0.007958 0.037323 0.086464
v 0.007958 0.037323 0.086464
v 0.007490 0.034564 0.092694
v 0.007092 0.034376 0.088158
v 0.008238 0.037317 0.094808
v 0.008238 0.037317 0.094808
v -0.008238 0.037317 0.094808
v -0.007490 0.034564 0.092694
v 0.007490 0.034564 0.092694
v 0.005781 0.028578 0.088635
v 0.007490 0.034564 0.092694
v 0.005987 0.027926 0.091692
v 0.007092 0.034376 0.088158
v 0.005987 0.027926 0.091692
v -0.007490 0.034564 0.092694
v -0.005987 0.027926 0.091692
v 0.007490 0.034564 0.092694
v -0.007490 0.034564 0.092694
v -0.005781 0.028578 0.088635
v -0.005987 0.027926 0.091692
v -0.007092 0.034376 0.088158
v -0.007490 0.034564 0.092694
v -0.007958 0.037323 0.086464
v -0.007092 0.034376 0.088158
v -0.008238 0.037317 0.094808
v 0.005250 0.021033 0.090102
v -0.005987 0.027926 0.091692
v -0.005250 0.021033 0.090102
v 0.005987 0.027926 0.091692
v -0.005062 0.022544 0.087214
v -0.005987 0.027926 0.091692
v -0.005781 0.028578 0.088635
v -0.005250 0.021033 0.090102
v -0.005062 0.022544 0.087214
v 0.005781 0.028578 0.088635
v 0.005062 0.022544 0.087214
v -0.005781 0.028578 0.088635
v -0.005781 0.028578 0.088635
v 0.007092 0.034376 0.088158
v 0.005781 0.028578 0.088635
v -0.007092 0.034376 0.088158
v -0.004881 0.019198 0.083807
v 0.005062 0.022544 0.087214
v 0.004881 0.019198 0.083807
v -0.005062 0.022544 0.087214
v 0.005250 0.021033 0.090102
v 0.005047 0.017294 0.085371
v 0.005062 0.022544 0.087214
v 0.004881 0.019198 0.083807
v 0.005047 0.017294 0.085371
v -0.005250 0.021033 0.090102
v -0.005047 0.017294 0.085371
v 0.005250 0.021033 0.090102
v 0.005062 0.022544 0.087214
v 0.005987 0.027926 0.091692
v 0.005250 0.021033 0.090102
v 0.005781 0.028578 0.088635
v 0.005192 0.014311 0.078202
v -0.005047 0.017294 0.085371
v -0.005192 0.014311 0.078202
v 0.005047 0.017294 0.085371
v -0.004881 0.019198 0.083807
v -0.005192 0.014311 0.078202
v -0.005047 0.017294 0.085371
v -0.005190 0.017145 0.077018
v -0.005190 0.017145 0.077018
v 0.004881 0.019198 0.083807
v 0.005190 0.017145 0.077018
v -0.004881 0.019198 0.083807
v -0.005062 0.022544 0.087214
v -0.005047 0.017294 0.085371
v -0.005250 0.021033 0.090102
v -0.004881 0.019198 0.083807
v -0.005190 0.017145 0.077018
v -0.005317 0.013113 0.069863
v -0.005192 0.014311 0.078202
v -0.005317 0.015973 0.069424
v -0.005317 0.015973 0.069424
v 0.005190 0.017145 0.077018
v 0.005317 0.015973 0.069424
v -0.005190 0.017145 0.077018
v 0.005317 0.013113 0.069863
v 0.005190 0.017145 0.077018
v 0.005192 0.014311 0.078202
v 0.005317 0.015973 0.069424
v 0.005192 0.014311 0.078202
v 0.004881 0.019198 0.083807
v 0.005047 0.017294 0.085371
v 0.005190 0.017145 0.077018
v -0.005073 0.016579 0.062912
v 0.005317 0.015973 0.069424
v 0.005073 0.016579 0.062912
v -0.005317 0.015973 0.069424
v 0.005317 0.015973 0.069424
v 0.005122 0.013847 0.062282
v 0.005073 0.016579 0.062912
v 0.005317 0.013113 0.069863
v -0.005122 0.013847 0.062282
v 0.005122 0.013847 0.062282
v 0.005317 0.013113 0.069863
v -0.005317 0.013113 0.069863
v -0.005317 0.013113 0.069863
v 0.005317 0.013113 0.069863
v 0.005192 0.014311 0.078202
v -0.005192 0.014311 0.078202
v 0.004824 0.015614 0.056572
v -0.005122 0.013847 0.062282
v -0.004824 0.015614 0.056572
v 0.005122 0.013847 0.062282
v -0.004718 0.018275 0.058250
v -0.004824 0.015614 0.056572
v -0.005122 0.013847 0.062282
v -0.005073 0.016579 0.062912
v -0.004718 0.018275 0.058250
v 0.005073 0.016579 0.062912
v 0.004718 0.018275 0.058250
v -0.005073 0.016579 0.062912
v -0.005317 0.015973 0.069424
v -0.005122 0.013847 0.062282
v -0.005317 0.013113 0.069863
v -0.005073 0.016579 0.062912
v -0.005073 0.020799 0.054001
v 0.004718 0.018275 0.058250
v 0.005073 0.020799 0.054001
v -0.004718 0.018275 0.058250
v 0.005073 0.020799 0.054001
v 0.004824 0.015614 0.056572
v 0.005430 0.019571 0.050774
v 0.004718 0.018275 0.058250
v -0.005430 0.019571 0.050774
v 0.005430 0.019571 0.050774
v 0.004824 0.015614 0.056572
v -0.004824 0.015614 0.056572
v 0.004718 0.018275 0.058250
v 0.005122 0.013847 0.062282
v 0.004824 0.015614 0.056572
v 0.005073 0.016579 0.062912
v 0.006273 0.024305 0.051594
v -0.005073 0.020799 0.054001
v 0.005073 0.020799 0.054001
v -0.006273 0.024305 0.051594
v 0.005430 0.019571 0.050774
v 0.006273 0.024305 0.051594
v 0.005073 0.020799 0.054001
v 0.006456 0.022851 0.047907
v -0.005430 0.019571 0.050774
v 0.006456 0.022851 0.047907
v 0.005430 0.019571 0.050774
v -0.006456 0.022851 0.047907
v -0.004824 0.015614 0.056572
v -0.004718 0.018275 0.058250
v -0.005073 0.020799 0.054001
v -0.005430 0.019571 0.050774
v -0.007726 0.027261 0.044353
v 0.006456 0.022851 0.047907
v -0.006456 0.022851 0.047907
v 0.007726 0.027261 0.044353
v -0.007499 0.029496 0.051159
v -0.006456 0.022851 0.047907
v -0.006273 0.024305 0.051594
v -0.007726 0.027261 0.044353
v 0.007499 0.029496 0.051159
v -0.006273 0.024305 0.051594
v 0.006273 0.024305 0.051594
v -0.007499 0.029496 0.051159
v 0.007499 0.029496 0.051159
v 0.006456 0.022851 0.047907
v 0.007726 0.027261 0.044353
v 0.006273 0.024305 0.051594
v -0.006273 0.024305 0.051594
v -0.005430 0.019571 0.050774
v -0.005073 0.020799 0.054001
v -0.006456 0.022851 0.047907
v -0.009515 0.048058 0.037509
v -0.009515 0.033926 0.030567
v -0.009534 0.032562 0.040102
v -0.009515 0.044498 0.025228
v 0.009515 0.040060 0.053115
v -0.007499 0.029496 0.051159
v 0.007499 0.029496 0.051159
v -0.009515 0.040060 0.053115
v -0.009515 0.031180 0.026644
v 0.009515 0.031180 0.026644
v 0.009515 0.033926 0.030567
v -0.009515 0.033926 0.030567
v -0.009515 0.045567 0.070717
v 0.009515 0.045567 0.070717
v 0.009515 0.043850 0.080975
v -0.009515 0.043850 0.080975
v -0.009515 0.044304 0.060458
v 0.009515 0.044304 0.060458
v 0.009515 0.045567 0.070717
v -0.009515 0.045567 0.070717
v -0.009515 0.040060 0.053115
v 0.009515 0.040060 0.053115
v 0.009515 0.044304 0.060458
v -0.009515 0.044304 0.060458
v -0.009515 0.050546 0.080975
v -0.009515 0.045567 0.070717
v -0.009515 0.043850 0.080975
v -0.009515 0.050546 0.070717
v -0.009515 0.050546 0.060458
v -0.009515 0.044304 0.060458
v -0.009515 0.050546 0.053628
v -0.009515 0.040060 0.053115
v 0.009515 0.050546 0.070717
v -0.009515 0.050546 0.070717
v -0.009515 0.050546 0.080975
v 0.009515 0.050546 0.060458
v 0.009515 0.050546 0.053628
v -0.009515 0.050546 0.053628
v -0.009515 0.050546 0.060458
v 0.009515 0.045567 0.070717
v 0.009515 0.050546 0.080975
v 0.009515 0.043850 0.080975
v 0.009515 0.050546 0.070717
v 0.009515 0.045567 0.070717
v 0.009515 0.050546 0.060458
v 0.009515 0.050546 0.070717
v 0.009515 0.044304 0.060458
v 0.009515 0.044304 0.060458
v 0.009515 0.050546 0.053628
v 0.009515 0.050546 0.060458
v 0.009515 0.040060 0.053115
v 0.004981 0.102758 0.067192
v 0.004981 0.102758 0.053799
v 0.002106 0.102758 0.067192
v 0.002106 0.102758 0.053799
v 0.004981 0.102758 0.053799
v 0.004981 0.098865 0.053799
v 0.002106 0.098865 0.053799
v 0.002106 0.102758 0.053799
v -0.001660 0.101305 0.053799
v -0.002214 0.102758 0.067192
v -0.001660 0.101305 0.067192
v -0.002214 0.102758 0.053799
v -0.004981 0.102758 0.067192
v -0.004981 0.098865 0.067192
v -0.002214 0.098865 0.067192
v 0.001660 0.101305 0.067192
v 0.001660 0.098865 0.067192
v 0.002106 0.098865 0.067192
v -0.001660 0.101305 0.067192
v -0.004981 0.102758 0.067192
v -0.004981 0.102758 0.053799
v -0.004981 0.098865 0.067192
v -0.004981 0.098865 0.053799
v 0.001660 0.101305 0.053799
v 0.002106 0.098865 0.053799
v 0.001660 0.098865 0.053799
v 0.002106 0.102758 0.053799
v -0.002214 0.098865 0.053799
v -0.002214 0.102758 0.053799
v -0.001660 0.101305 0.053799
v -0.004981 0.098865 0.053799
v -0.004981 0.102758 0.053799
v -0.002214 0.102758 0.067192
v -0.001660 0.098865 0.067192
v 0.004981 0.102758 0.053799
v 0.004981 0.102758 0.067192
v 0.004981 0.098865 0.053799
v 0.004981 0.098865 0.067192
v 0.002106 0.102758 0.067192
v 0.004981 0.098865 0.067192
v 0.004981 0.102758 0.067192
v 0.001660 0.101305 0.053799
v 0.001660 0.098865 0.053799
v -0.001660 0.098865 0.053799
v 0.001660 0.101305 0.067192
v 0.001660 0.101305 0.053799
v -0.001660 0.101305 0.067192
v -0.001660 0.101305 0.053799
v 0.002106 0.102758 0.067192
v 0.002106 0.102758 0.053799
v 0.001660 0.101305 0.067192
v 0.001660 0.101305 0.053799
v -0.002214 0.102758 0.067192
v -0.002214 0.102758 0.053799
v -0.004981 0.102758 0.067192
v -0.004981 0.102758 0.053799
v -0.005878 0.063923 0.006636
v 0.009515 0.060159 0.006948
v -0.009515 0.060159 0.006948
v -0.009515 0.060352 0.006932
v 0.005878 0.063923 0.006636
v 0.009515 0.060352 0.006932
v 0.005878 0.099219 0.106611
v 0.009515 0.096289 0.091234
v 0.005878 0.099251 0.091234
v 0.009515 0.096247 0.106728
v -0.005878 0.099219 0.106611
v -0.005878 0.099251 0.091234
v -0.009515 0.096289 0.091234
v -0.009515 0.096247 0.106728
v 0.009515 0.096289 0.091234
v 0.005878 0.099251 0.053628
v 0.005878 0.099251 0.091234
v 0.009515 0.096289 0.053628
v -0.005878 0.099251 0.091234
v -0.009515 0.096289 0.053628
v -0.009515 0.096289 0.091234
v -0.005878 0.099251 0.053628
v -0.005878 0.099251 0.053628
v -0.009515 0.093403 0.045380
v -0.009515 0.096289 0.053628
v -0.005878 0.094627 0.041951
v 0.005878 0.099251 0.053628
v 0.009515 0.093403 0.045380
v 0.005878 0.094627 0.041951
v 0.009515 0.096289 0.053628
v 0.009515 0.062790 0.014860
v 0.005878 0.071744 0.026095
v 0.009515 0.068924 0.028861
v 0.005878 0.066214 0.013474
v 0.005878 0.081319 0.035889
v 0.009515 0.068924 0.028861
v 0.005878 0.071744 0.026095
v 0.009515 0.079298 0.038987
v -0.005878 0.081319 0.035889
v -0.009515 0.093403 0.045380
v -0.005878 0.094627 0.041951
v -0.009515 0.079298 0.038987
v -0.009515 0.062790 0.014860
v -0.005878 0.063923 0.006636
v -0.009515 0.060352 0.006932
v -0.005878 0.066214 0.013474
v 0.005878 0.063923 0.006636
v 0.009515 0.062790 0.014860
v 0.009515 0.060352 0.006932
v 0.005878 0.066214 0.013474
v -0.009515 0.062790 0.014860
v -0.009515 0.068924 0.028861
v -0.005878 0.071744 0.026095
v -0.005878 0.066214 0.013474
v -0.001238 0.096549 0.217647
v -0.001238 0.099817 0.220996
v -0.001238 0.096549 0.220996
v 0.001238 0.099817 0.207599
v 0.001238 0.096549 0.210948
v 0.001238 0.096549 0.207599
v 0.001238 0.101807 0.210948
v 0.001238 0.099817 0.220996
v 0.001238 0.096549 0.217647
v 0.001238 0.101807 0.217647
v -0.001238 0.096549 0.210948
v 0.001238 0.096549 0.207599
v 0.001238 0.096549 0.210948
v -0.001238 0.096549 0.207599
v -0.001238 0.101807 0.210948
v 0.001238 0.099817 0.207599
v -0.001238 0.099817 0.207599
v 0.001238 0.101807 0.210948
v 0.001238 0.102442 0.214297
v 0.001238 0.096549 0.214297
v -0.001238 0.096549 0.220996
v 0.001238 0.096549 0.217647
v 0.001238 0.096549 0.220996
v -0.001238 0.096549 0.217647
v -0.001238 0.096549 0.214297
v 0.001238 0.096549 0.214297
v -0.001238 0.099817 0.207599
v -0.001238 0.096549 0.207599
v -0.001238 0.099817 0.220996
v 0.001238 0.101807 0.217647
v -0.001238 0.101807 0.217647
v 0.001238 0.099817 0.220996
v -0.001238 0.101807 0.217647
v 0.001238 0.102442 0.214297
v -0.001238 0.102442 0.214297
v 0.001238 0.101807 0.217647
v 0.001238 0.096549 0.220996
v -0.001238 0.099817 0.207599
v 0.001238 0.096549 0.207599
v -0.001238 0.096549 0.207599
v 0.001238 0.099817 0.207599
v 0.001238 0.099817 0.220996
v -0.001238 0.099817 0.220996
v -0.001238 0.096549 0.220996
v 0.001238 0.096549 0.220996
v 0.009515 0.093403 0.045380
v 0.009515 0.096289 0.053628
v 0.009515 0.090387 0.053628
v -0.005878 0.071744 0.026095
v 0.005878 0.081319 0.035889
v 0.005878 0.071744 0.026095
v -0.005878 0.081319 0.035889
v -0.009515 0.079298 0.038987
v -0.009515 0.090387 0.053628
v -0.009515 0.093403 0.045380
v -0.009515 0.070467 0.053628
v -0.005878 0.066214 0.013474
v 0.005878 0.071744 0.026095
v 0.005878 0.066214 0.013474
v -0.005878 0.071744 0.026095
v -0.009515 0.096247 0.106728
v -0.009515 0.090387 0.091234
v -0.009515 0.090314 0.106962
v -0.009515 0.096289 0.091234
v -0.009515 0.069853 0.106836
v -0.009515 0.090314 0.106962
v -0.009515 0.090387 0.091234
v -0.009515 0.090387 0.091234
v 0.009515 0.070019 0.091234
v -0.009515 0.070019 0.091234
v 0.009515 0.090387 0.091234
v 0.009515 0.070019 0.091234
v 0.009515 0.090314 0.106962
v 0.009515 0.069853 0.106836
v 0.009515 0.090387 0.091234
v 0.009515 0.090387 0.091234
v 0.009515 0.096247 0.106728
v 0.009515 0.090314 0.106962
v 0.009515 0.096289 0.091234
v 0.009515 0.090314 0.106962
v -0.009515 0.069853 0.106836
v 0.009515 0.069853 0.106836
v -0.009515 0.090314 0.106962
v -0.009515 0.050546 0.091234
v -0.009515 0.041673 0.085797
v -0.009515 0.041485 0.096940
v -0.009515 0.050546 0.101901
v 0.009515 0.050546 0.091234
v 0.009515 0.041485 0.096940
v 0.009515 0.041673 0.085797
v 0.009515 0.050546 0.101901
v 0.009515 0.041485 0.096940
v -0.009515 0.050546 0.101901
v -0.009515 0.041485 0.096940
v 0.009515 0.050546 0.101901
v 0.009515 0.041673 0.085797
v 0.009515 0.050546 0.080975
v 0.009515 0.050546 0.091234
v 0.009515 0.043850 0.080975
v 0.009515 0.050546 0.080975
v -0.009515 0.050546 0.091234
v 0.009515 0.050546 0.091234
v -0.009515 0.090387 0.091234
v -0.009515 0.090387 0.053628
v 0.009515 0.090387 0.091234
v 0.009515 0.090387 0.053628
v -0.009515 0.096289 0.091234
v -0.009515 0.096289 0.053628
v -0.009515 0.041673 0.085797
v -0.009515 0.050546 0.080975
v -0.009515 0.043850 0.080975
v -0.009515 0.050546 0.091234
v 0.005878 0.099251 0.091234
v -0.005878 0.099251 0.091234
v -0.005878 0.099219 0.106611
v 0.005878 0.099219 0.106611
v 0.009515 0.090314 0.106962
v 0.009515 0.096247 0.106728
v 0.005878 0.099219 0.106611
v -0.005878 0.099219 0.106611
v -0.009515 0.090314 0.106962
v -0.009515 0.096247 0.106728
v -0.009515 0.090387 0.053628
v -0.009515 0.093403 0.045380
v 0.009515 0.048058 0.037509
v 0.009515 0.068924 0.028861
v 0.009515 0.050546 0.053628
v -0.009515 0.043850 0.080975
v 0.009515 0.043850 0.080975
v 0.009515 0.041673 0.085797
v -0.009515 0.041673 0.085797
v 0.005878 0.099251 0.091234
v 0.005878 0.099251 0.053628
v -0.005878 0.099251 0.091234
v -0.005878 0.099251 0.053628
v 0.009515 0.070467 0.053628
v -0.009515 0.050546 0.053628
v 0.009515 0.050546 0.053628
v -0.009515 0.070467 0.053628
v 0.009515 0.090387 0.053628
v -0.009515 0.090387 0.053628
v -0.009515 0.068924 0.028861
v -0.009515 0.048058 0.037509
v -0.009515 0.050546 0.053628
v 0.009515 0.079298 0.038987
v 0.009515 0.090387 0.053628
v 0.009515 0.070467 0.053628
v 0.009515 0.093403 0.045380
v -0.007499 0.029496 0.051159
v -0.009534 0.032562 0.040102
v -0.007726 0.027261 0.044353
v -0.009515 0.040060 0.053115
v 0.009515 0.031180 0.026644
v 0.009515 0.044498 0.025228
v 0.009515 0.033926 0.030567
v -0.009515 0.050546 0.053628
v -0.009515 0.048058 0.037509
v -0.009515 0.040060 0.053115
v -0.009534 0.032562 0.040102
v 0.009515 0.090387 0.053628
v 0.009515 0.096289 0.091234
v 0.009515 0.090387 0.091234
v 0.009515 0.096289 0.053628
v 0.009534 0.032562 0.040102
v 0.007499 0.029496 0.051159
v 0.007726 0.027261 0.044353
v 0.009515 0.040060 0.053115
v 0.009515 0.040060 0.053115
v 0.009515 0.048058 0.037509
v 0.009515 0.050546 0.053628
v 0.009534 0.032562 0.040102
v 0.009515 0.060159 0.006948
v 0.009515 0.062790 0.014860
v 0.009515 0.059806 0.016069
v 0.009515 0.060352 0.006932
v -0.005878 0.063923 0.006636
v 0.005878 0.066214 0.013474
v 0.005878 0.063923 0.006636
v -0.005878 0.066214 0.013474
v -0.005878 0.094627 0.041951
v 0.005878 0.099251 0.053628
v 0.005878 0.094627 0.041951
v -0.005878 0.099251 0.053628
v -0.009515 0.044498 0.025228
v -0.009515 0.068924 0.028861
v -0.009515 0.059806 0.016069
v -0.009515 0.048058 0.037509
v -0.009515 0.062790 0.014860
v -0.009515 0.060159 0.006948
v -0.009515 0.059806 0.016069
v -0.009515 0.062790 0.014860
v -0.009515 0.060352 0.006932
v 0.009515 0.062790 0.014860
v 0.009515 0.068924 0.028861
v 0.009515 0.059806 0.016069
v 0.009515 0.048058 0.037509
v 0.009515 0.044498 0.025228
v 0.009515 0.059806 0.016069
v -0.009515 0.060159 0.006948
v 0.009515 0.060159 0.006948
v -0.009515 0.059806 0.016069
v -0.009515 0.044498 0.025228
v 0.009515 0.059806 0.016069
v 0.009515 0.044498 0.025228
v -0.009515 0.059806 0.016069
v -0.009515 0.031180 0.026644
v 0.009515 0.044498 0.025228
v 0.009515 0.031180 0.026644
v -0.009515 0.044498 0.025228
v 0.010337 0.004372 0.007095
v 0.010775 -0.003248 -0.003081
v 0.010775 0.007744 -0.001451
v 0.010337 -0.005051 0.006844
v 0.010337 -0.001446 -0.013006
v 0.010775 0.007744 -0.001451
v 0.010775 -0.003248 -0.003081
v 0.010337 0.011116 -0.009997
v 0.010775 -0.012870 -0.004068
v 0.010337 -0.001446 -0.013006
v 0.010775 -0.003248 -0.003081
v 0.010337 -0.012559 -0.014640
v 0.010775 -0.012870 -0.004068
v 0.010337 -0.005051 0.006844
v 0.010337 -0.013180 0.006505
v 0.010775 -0.003248 -0.003081
v -0.011540 -0.001446 -0.013006
v -0.011978 0.007744 -0.001451
v -0.011540 0.011116 -0.009997
v -0.011978 -0.003248 -0.003081
v -0.011540 0.004372 0.007095
v -0.011978 -0.003248 -0.003081
v -0.011540 -0.005051 0.006844
v -0.011978 0.007744 -0.001451
v -0.011978 -0.012870 -0.004068
v -0.011540 -0.005051 0.006844
v -0.011978 -0.003248 -0.003081
v -0.011540 -0.013180 0.006505
v -0.011978 -0.012870 -0.004068
v -0.011540 -0.001446 -0.013006
v -0.011540 -0.012559 -0.014640
v -0.011978 -0.003248 -0.003081
v 0.007273 0.012240 -0.012845
v 0.009024 -0.000845 -0.016314
v 0.007273 -0.000845 -0.016314
v 0.009024 0.012240 -0.012845
v 0.009024 -0.000845 -0.016314
v 0.009024 -0.012456 -0.018164
v 0.007273 -0.012456 -0.018164
v 0.007273 -0.000845 -0.016314
v 0.009024 -0.000845 -0.016314
v 0.010337 -0.012559 -0.014640
v 0.009024 -0.012456 -0.018164
v 0.010337 -0.001446 -0.013006
v 0.010337 0.011116 -0.009997
v 0.009024 -0.000845 -0.016314
v 0.009024 0.012240 -0.012845
v 0.010337 -0.001446 -0.013006
v 0.009024 0.010946 0.010220
v 0.007273 0.003248 0.009943
v 0.009024 0.003248 0.009943
v 0.007273 0.010946 0.010220
v 0.007273 0.010946 0.010220
v 0.008989 0.018149 0.011533
v 0.007238 0.018149 0.011533
v 0.009024 0.010946 0.010220
v 0.010337 0.012306 0.007877
v 0.008989 0.018149 0.011533
v 0.009024 0.010946 0.010220
v 0.010296 0.019553 0.009618
v 0.009024 0.010946 0.010220
v 0.009024 0.003248 0.009943
v 0.010337 0.004372 0.007095
v 0.010337 0.012306 0.007877
v 0.008883 0.025566 0.014433
v 0.007238 0.018149 0.011533
v 0.008989 0.018149 0.011533
v 0.007132 0.025566 0.014433
v 0.007132 0.025566 0.014433
v 0.008755 0.031938 0.017775
v 0.007004 0.031938 0.017775
v 0.008883 0.025566 0.014433
v 0.008755 0.031938 0.017775
v 0.010173 0.026917 0.012743
v 0.010022 0.033269 0.016230
v 0.008883 0.025566 0.014433
v 0.008883 0.025566 0.014433
v 0.010296 0.019553 0.009618
v 0.010173 0.026917 0.012743
v 0.008989 0.018149 0.011533
v 0.008649 0.036004 0.020414
v 0.007004 0.031938 0.017775
v 0.008755 0.031938 0.017775
v 0.006898 0.036004 0.020414
v 0.006898 0.036004 0.020414
v 0.008499 0.039888 0.020990
v 0.006748 0.039888 0.020990
v 0.008649 0.036004 0.020414
v 0.009899 0.037478 0.019060
v 0.008499 0.039888 0.020990
v 0.008649 0.036004 0.020414
v 0.009435 0.040543 0.019563
v 0.008649 0.036004 0.020414
v 0.010022 0.033269 0.016230
v 0.009899 0.037478 0.019060
v 0.008755 0.031938 0.017775
v 0.009024 -0.019378 -0.004505
v 0.007273 -0.019029 -0.013489
v 0.009024 -0.019029 -0.013489
v 0.007273 -0.019378 -0.004505
v 0.007273 -0.018736 0.004511
v 0.007273 -0.019378 -0.004505
v 0.009024 -0.019378 -0.004505
v 0.009024 -0.018736 0.004511
v 0.009024 -0.018736 0.004511
v 0.009024 -0.019378 -0.004505
v 0.009997 -0.018383 0.002455
v 0.010337 -0.018883 -0.004489
v 0.009024 -0.019378 -0.004505
v 0.009997 -0.018612 -0.011408
v 0.010337 -0.018883 -0.004489
v 0.009024 -0.019029 -0.013489
v 0.008052 0.049631 0.013722
v 0.006387 0.047794 0.009584
v 0.006301 0.049631 0.013722
v 0.008138 0.047794 0.009584
v 0.008138 0.047794 0.009584
v 0.008388 0.042581 0.005417
v 0.006637 0.042581 0.005417
v 0.006387 0.047794 0.009584
v 0.009516 0.046320 0.010938
v 0.008388 0.042581 0.005417
v 0.008138 0.047794 0.009584
v 0.009747 0.041251 0.006962
v 0.009516 0.046320 0.010938
v 0.008052 0.049631 0.013722
v 0.009123 0.047493 0.013926
v 0.008138 0.047794 0.009584
v 0.006941 0.036371 0.000907
v 0.008388 0.042581 0.005417
v 0.008692 0.036371 0.000907
v 0.006637 0.042581 0.005417
v 0.008692 0.036371 0.000907
v 0.008941 0.029380 -0.003791
v 0.007190 0.029380 -0.003791
v 0.006941 0.036371 0.000907
v 0.008941 0.029380 -0.003791
v 0.010029 0.035021 0.002598
v 0.010260 0.027976 -0.001875
v 0.008692 0.036371 0.000907
v 0.009747 0.041251 0.006962
v 0.010029 0.035021 0.002598
v 0.008692 0.036371 0.000907
v 0.008388 0.042581 0.005417
v 0.009024 -0.017175 0.008752
v 0.007273 -0.018736 0.004511
v 0.009024 -0.018736 0.004511
v 0.007273 -0.017175 0.008752
v 0.009024 -0.017175 0.008752
v 0.007273 -0.013283 0.010029
v 0.007273 -0.017175 0.008752
v 0.009024 -0.013283 0.010029
v 0.009024 -0.017175 0.008752
v 0.010337 -0.017230 0.005454
v 0.010337 -0.013180 0.006505
v 0.009024 -0.013283 0.010029
v 0.009024 -0.018736 0.004511
v 0.010337 -0.017230 0.005454
v 0.009024 -0.017175 0.008752
v 0.009997 -0.018383 0.002455
v 0.009024 -0.005652 0.010153
v 0.007273 -0.013283 0.010029
v 0.009024 -0.013283 0.010029
v 0.007273 -0.005652 0.010153
v 0.009024 -0.005652 0.010153
v 0.007273 0.003248 0.009943
v 0.007273 -0.005652 0.010153
v 0.009024 0.003248 0.009943
v 0.010337 -0.005051 0.006844
v 0.009024 0.003248 0.009943
v 0.009024 -0.005652 0.010153
v 0.010337 0.004372 0.007095
v 0.009024 -0.005652 0.010153
v 0.009024 -0.013283 0.010029
v 0.010337 -0.013180 0.006505
v 0.010337 -0.005051 0.006844
v 0.007273 0.021826 -0.008523
v 0.008941 0.029380 -0.003791
v 0.009024 0.021826 -0.008523
v 0.007190 0.029380 -0.003791
v 0.009024 0.021826 -0.008523
v 0.009024 0.012240 -0.012845
v 0.007273 0.012240 -0.012845
v 0.007273 0.021826 -0.008523
v 0.009024 0.012240 -0.012845
v 0.010337 0.020466 -0.006180
v 0.010337 0.011116 -0.009997
v 0.009024 0.021826 -0.008523
v 0.010260 0.027976 -0.001875
v 0.009024 0.021826 -0.008523
v 0.008941 0.029380 -0.003791
v 0.010337 0.020466 -0.006180
v 0.008236 0.045713 0.018141
v 0.006748 0.039888 0.020990
v 0.008499 0.039888 0.020990
v 0.006485 0.045713 0.018141
v 0.006485 0.045713 0.018141
v 0.008052 0.049631 0.013722
v 0.006301 0.049631 0.013722
v 0.008236 0.045713 0.018141
v 0.008052 0.049631 0.013722
v 0.008236 0.045713 0.018141
v 0.009123 0.047493 0.013926
v 0.009589 0.044759 0.017356
v 0.008236 0.045713 0.018141
v 0.008499 0.039888 0.020990
v 0.009435 0.040543 0.019563
v 0.009589 0.044759 0.017356
v 0.007273 -0.012456 -0.018164
v 0.009024 -0.017619 -0.017632
v 0.007273 -0.017619 -0.017632
v 0.009024 -0.012456 -0.018164
v 0.007273 -0.019029 -0.013489
v 0.009024 -0.017619 -0.017632
v 0.009024 -0.019029 -0.013489
v 0.007273 -0.017619 -0.017632
v 0.010337 -0.017564 -0.014334
v 0.009024 -0.019029 -0.013489
v 0.009024 -0.017619 -0.017632
v 0.009997 -0.018612 -0.011408
v 0.009024 -0.017619 -0.017632
v 0.010337 -0.012559 -0.014640
v 0.010337 -0.017564 -0.014334
v 0.009024 -0.012456 -0.018164
v 0.010173 0.026917 0.012743
v 0.010716 0.023764 0.003871
v 0.010539 0.030969 0.007670
v 0.010296 0.019553 0.009618
v 0.010539 0.030969 0.007670
v 0.010322 0.037260 0.011596
v 0.010022 0.033269 0.016230
v 0.010173 0.026917 0.012743
v 0.010322 0.037260 0.011596
v 0.010029 0.035021 0.002598
v 0.009747 0.041251 0.006962
v 0.010539 0.030969 0.007670
v 0.010539 0.030969 0.007670
v 0.010260 0.027976 -0.001875
v 0.010029 0.035021 0.002598
v 0.010716 0.023764 0.003871
v 0.010337 -0.017230 0.005454
v 0.010775 -0.012870 -0.004068
v 0.010337 -0.013180 0.006505
v 0.010775 -0.017397 -0.004440
v 0.010337 -0.012559 -0.014640
v 0.010775 -0.017397 -0.004440
v 0.010337 -0.017564 -0.014334
v 0.010775 -0.012870 -0.004068
v 0.010337 -0.017564 -0.014334
v 0.010775 -0.017397 -0.004440
v 0.009997 -0.018612 -0.011408
v 0.010337 -0.018883 -0.004489
v 0.010775 -0.017397 -0.004440
v 0.009997 -0.018383 0.002455
v 0.010337 -0.018883 -0.004489
v 0.010337 -0.017230 0.005454
v 0.009899 0.037478 0.019060
v 0.010322 0.037260 0.011596
v 0.010145 0.041899 0.014999
v 0.010022 0.033269 0.016230
v 0.010145 0.041899 0.014999
v 0.009589 0.044759 0.017356
v 0.009435 0.040543 0.019563
v 0.009899 0.037478 0.019060
v 0.010145 0.041899 0.014999
v 0.009516 0.046320 0.010938
v 0.009123 0.047493 0.013926
v 0.009589 0.044759 0.017356
v 0.010145 0.041899 0.014999
v 0.009747 0.041251 0.006962
v 0.009516 0.046320 0.010938
v 0.010322 0.037260 0.011596
v 0.010775 0.007744 -0.001451
v 0.010337 0.012306 0.007877
v 0.010337 0.004372 0.007095
v 0.010775 0.016386 0.000849
v 0.010296 0.019553 0.009618
v 0.010775 0.016386 0.000849
v 0.010716 0.023764 0.003871
v 0.010337 0.012306 0.007877
v 0.010337 0.020466 -0.006180
v 0.010716 0.023764 0.003871
v 0.010775 0.016386 0.000849
v 0.010260 0.027976 -0.001875
v 0.010775 0.016386 0.000849
v 0.010337 0.011116 -0.009997
v 0.010337 0.020466 -0.006180
v 0.010775 0.007744 -0.001451
v -0.010227 -0.000845 -0.016314
v -0.010227 -0.012456 -0.018164
v -0.011540 -0.012559 -0.014640
v -0.011540 -0.001446 -0.013006
v -0.010227 -0.000845 -0.016314
v -0.008476 -0.012456 -0.018164
v -0.010227 -0.012456 -0.018164
v -0.008476 -0.000845 -0.016314
v -0.010227 -0.000845 -0.016314
v -0.008476 0.012240 -0.012845
v -0.008476 -0.000845 -0.016314
v -0.010227 0.012240 -0.012845
v -0.011540 0.011116 -0.009997
v -0.010227 -0.000845 -0.016314
v -0.011540 -0.001446 -0.013006
v -0.010227 0.012240 -0.012845
v -0.011540 0.012306 0.007877
v -0.010191 0.018149 0.011533
v -0.011499 0.019553 0.009618
v -0.010227 0.010946 0.010220
v -0.008476 0.010946 0.010220
v -0.010191 0.018149 0.011533
v -0.010227 0.010946 0.010220
v -0.008440 0.018149 0.011533
v -0.010227 0.010946 0.010220
v -0.010227 0.003248 0.009943
v -0.008476 0.003248 0.009943
v -0.008476 0.010946 0.010220
v -0.010227 0.003248 0.009943
v -0.010227 0.010946 0.010220
v -0.011540 0.004372 0.007095
v -0.011540 0.012306 0.007877
v -0.011375 0.026917 0.012743
v -0.009957 0.031938 0.017775
v -0.011225 0.033269 0.016230
v -0.010086 0.025566 0.014433
v -0.008335 0.025566 0.014433
v -0.009957 0.031938 0.017775
v -0.010086 0.025566 0.014433
v -0.008206 0.031938 0.017775
v -0.010086 0.025566 0.014433
v -0.010191 0.018149 0.011533
v -0.008440 0.018149 0.011533
v -0.008335 0.025566 0.014433
v -0.010191 0.018149 0.011533
v -0.010086 0.025566 0.014433
v -0.011499 0.019553 0.009618
v -0.011375 0.026917 0.012743
v -0.011101 0.037478 0.019060
v -0.009701 0.039888 0.020990
v -0.010638 0.040543 0.019563
v -0.009852 0.036004 0.020414
v -0.008101 0.036004 0.020414
v -0.009701 0.039888 0.020990
v -0.009852 0.036004 0.020414
v -0.007950 0.039888 0.020990
v -0.009852 0.036004 0.020414
v -0.009957 0.031938 0.017775
v -0.008206 0.031938 0.017775
v -0.008101 0.036004 0.020414
v -0.009957 0.031938 0.017775
v -0.009852 0.036004 0.020414
v -0.011225 0.033269 0.016230
v -0.011101 0.037478 0.019060
v -0.010227 -0.019378 -0.004505
v -0.010227 -0.018736 0.004511
v -0.011199 -0.018383 0.002455
v -0.011540 -0.018883 -0.004489
v -0.010227 -0.018736 0.004511
v -0.010227 -0.019378 -0.004505
v -0.008476 -0.018736 0.004511
v -0.008476 -0.019378 -0.004505
v -0.008476 -0.019378 -0.004505
v -0.010227 -0.019029 -0.013489
v -0.008476 -0.019029 -0.013489
v -0.010227 -0.019378 -0.004505
v -0.010227 -0.019029 -0.013489
v -0.010227 -0.019378 -0.004505
v -0.011199 -0.018612 -0.011408
v -0.011540 -0.018883 -0.004489
v -0.009590 0.042581 0.005417
v -0.010718 0.046320 0.010938
v -0.009341 0.047794 0.009584
v -0.010950 0.041251 0.006962
v -0.009341 0.047794 0.009584
v -0.007839 0.042581 0.005417
v -0.009590 0.042581 0.005417
v -0.007590 0.047794 0.009584
v -0.009255 0.049631 0.013722
v -0.007590 0.047794 0.009584
v -0.009341 0.047794 0.009584
v -0.007503 0.049631 0.013722
v -0.009255 0.049631 0.013722
v -0.010718 0.046320 0.010938
v -0.010325 0.047493 0.013926
v -0.009341 0.047794 0.009584
v -0.010144 0.029380 -0.003791
v -0.011232 0.035021 0.002598
v -0.009895 0.036371 0.000907
v -0.011463 0.027976 -0.001875
v -0.009895 0.036371 0.000907
v -0.008393 0.029380 -0.003791
v -0.010144 0.029380 -0.003791
v -0.008144 0.036371 0.000907
v -0.008144 0.036371 0.000907
v -0.009590 0.042581 0.005417
v -0.007839 0.042581 0.005417
v -0.009895 0.036371 0.000907
v -0.009895 0.036371 0.000907
v -0.010950 0.041251 0.006962
v -0.009590 0.042581 0.005417
v -0.011232 0.035021 0.002598
v -0.010227 -0.017175 0.008752
v -0.011540 -0.013180 0.006505
v -0.011540 -0.017230 0.005454
v -0.010227 -0.013283 0.010029
v -0.008476 -0.013283 0.010029
v -0.010227 -0.017175 0.008752
v -0.008476 -0.017175 0.008752
v -0.010227 -0.013283 0.010029
v -0.010227 -0.017175 0.008752
v -0.010227 -0.018736 0.004511
v -0.008476 -0.018736 0.004511
v -0.008476 -0.017175 0.008752
v -0.011540 -0.017230 0.005454
v -0.010227 -0.018736 0.004511
v -0.010227 -0.017175 0.008752
v -0.011199 -0.018383 0.002455
v -0.011540 -0.005051 0.006844
v -0.010227 0.003248 0.009943
v -0.011540 0.004372 0.007095
v -0.010227 -0.005652 0.010153
v -0.008476 0.003248 0.009943
v -0.010227 -0.005652 0.010153
v -0.008476 -0.005652 0.010153
v -0.010227 0.003248 0.009943
v -0.010227 -0.005652 0.010153
v -0.010227 -0.013283 0.010029
v -0.008476 -0.013283 0.010029
v -0.008476 -0.005652 0.010153
v -0.010227 -0.005652 0.010153
v -0.011540 -0.013180 0.006505
v -0.010227 -0.013283 0.010029
v -0.011540 -0.005051 0.006844
v -0.010227 0.012240 -0.012845
v -0.011540 0.020466 -0.006180
v -0.010227 0.021826 -0.008523
v -0.011540 0.011116 -0.009997
v -0.010227 0.021826 -0.008523
v -0.008476 0.012240 -0.012845
v -0.010227 0.012240 -0.012845
v -0.008476 0.021826 -0.008523
v -0.008476 0.021826 -0.008523
v -0.010144 0.029380 -0.003791
v -0.008393 0.029380 -0.003791
v -0.010227 0.021826 -0.008523
v -0.010227 0.021826 -0.008523
v -0.011463 0.027976 -0.001875
v -0.010144 0.029380 -0.003791
v -0.011540 0.020466 -0.006180
v -0.009439 0.045713 0.018141
v -0.009255 0.049631 0.013722
v -0.010325 0.047493 0.013926
v -0.010791 0.044759 0.017356
v -0.009255 0.049631 0.013722
v -0.007687 0.045713 0.018141
v -0.007503 0.049631 0.013722
v -0.009439 0.045713 0.018141
v -0.009439 0.045713 0.018141
v -0.009701 0.039888 0.020990
v -0.007950 0.039888 0.020990
v -0.007687 0.045713 0.018141
v -0.009701 0.039888 0.020990
v -0.009439 0.045713 0.018141
v -0.010638 0.040543 0.019563
v -0.010791 0.044759 0.017356
v -0.010227 -0.017619 -0.017632
v -0.010227 -0.019029 -0.013489
v -0.011540 -0.017564 -0.014334
v -0.011199 -0.018612 -0.011408
v -0.010227 -0.019029 -0.013489
v -0.010227 -0.017619 -0.017632
v -0.008476 -0.019029 -0.013489
v -0.008476 -0.017619 -0.017632
v -0.010227 -0.017619 -0.017632
v -0.008476 -0.012456 -0.018164
v -0.008476 -0.017619 -0.017632
v -0.010227 -0.012456 -0.018164
v -0.011540 -0.012559 -0.014640
v -0.010227 -0.017619 -0.017632
v -0.011540 -0.017564 -0.014334
v -0.010227 -0.012456 -0.018164
v -0.011232 0.035021 0.002598
v -0.011525 0.037260 0.011596
v -0.010950 0.041251 0.006962
v -0.011741 0.030969 0.007670
v -0.011741 0.030969 0.007670
v -0.011225 0.033269 0.016230
v -0.011525 0.037260 0.011596
v -0.011375 0.026917 0.012743
v -0.011919 0.023764 0.003871
v -0.011375 0.026917 0.012743
v -0.011741 0.030969 0.007670
v -0.011499 0.019553 0.009618
v -0.011741 0.030969 0.007670
v -0.011232 0.035021 0.002598
v -0.011463 0.027976 -0.001875
v -0.011919 0.023764 0.003871
v -0.011978 -0.017397 -0.004440
v -0.011540 -0.017564 -0.014334
v -0.011199 -0.018612 -0.011408
v -0.011540 -0.018883 -0.004489
v -0.011978 -0.017397 -0.004440
v -0.011540 -0.012559 -0.014640
v -0.011540 -0.017564 -0.014334
v -0.011978 -0.012870 -0.004068
v -0.011540 -0.017230 0.005454
v -0.011978 -0.012870 -0.004068
v -0.011978 -0.017397 -0.004440
v -0.011540 -0.013180 0.006505
v -0.011540 -0.017230 0.005454
v -0.011978 -0.017397 -0.004440
v -0.011199 -0.018383 0.002455
v -0.011540 -0.018883 -0.004489
v -0.010718 0.046320 0.010938
v -0.011347 0.041899 0.014999
v -0.010325 0.047493 0.013926
v -0.010791 0.044759 0.017356
v -0.011347 0.041899 0.014999
v -0.010638 0.040543 0.019563
v -0.010791 0.044759 0.017356
v -0.011101 0.037478 0.019060
v -0.011525 0.037260 0.011596
v -0.011101 0.037478 0.019060
v -0.011347 0.041899 0.014999
v -0.011225 0.033269 0.016230
v -0.011347 0.041899 0.014999
v -0.010718 0.046320 0.010938
v -0.010950 0.041251 0.006962
v -0.011525 0.037260 0.011596
v -0.011540 0.020466 -0.006180
v -0.011919 0.023764 0.003871
v -0.011463 0.027976 -0.001875
v -0.011978 0.016386 0.000849
v -0.011978 0.016386 0.000849
v -0.011499 0.019553 0.009618
v -0.011919 0.023764 0.003871
v -0.011540 0.012306 0.007877
v -0.011978 0.007744 -0.001451
v -0.011540 0.012306 0.007877
v -0.011978 0.016386 0.000849
v -0.011540 0.004372 0.007095
v -0.011978 0.016386 0.000849
v -0.011540 0.011116 -0.009997
v -0.011978 0.007744 -0.001451
v -0.011540 0.020466 -0.006180
v -0.015481 0.057171 0.066018
v -0.019348 0.063866 0.053519
v -0.015481 0.057171 0.053519
v -0.019348 0.063866 0.066018
v -0.015481 0.057171 0.066018
v -0.003866 0.050466 0.053519
v -0.003866 0.050466 0.066018
v -0.015481 0.057171 0.053519
v 0.003866 0.050466 0.053519
v -0.003866 0.050466 0.066018
v -0.003866 0.050466 0.053519
v 0.003866 0.050466 0.066018
v 0.015498 0.057191 0.053519
v 0.003866 0.050466 0.066018
v 0.003866 0.050466 0.053519
v 0.015498 0.057191 0.066018
v 0.019356 0.063891 0.053519
v 0.019356 0.063891 0.066018
v 0.015498 0.057191 0.053519
v 0.015498 0.057191 0.066018
v 0.019356 0.063891 0.053519
v 0.019343 0.077303 0.066018
v 0.019356 0.063891 0.066018
v 0.019343 0.077303 0.053519
v 0.015472 0.083996 0.053519
v 0.019343 0.077303 0.066018
v 0.019343 0.077303 0.053519
v 0.015472 0.083996 0.066018
v 0.003853 0.090693 0.066018
v 0.015472 0.083996 0.053519
v 0.003853 0.090693 0.053519
v 0.015472 0.083996 0.066018
v -0.003879 0.090688 0.053519
v 0.003853 0.090693 0.066018
v 0.003853 0.090693 0.053519
v -0.003879 0.090688 0.066018
v -0.015489 0.083976 0.066018
v -0.003879 0.090688 0.053519
v -0.015489 0.083976 0.053519
v -0.003879 0.090688 0.066018
v -0.019352 0.077278 0.066018
v -0.015489 0.083976 0.053519
v -0.019352 0.077278 0.053519
v -0.015489 0.083976 0.066018
v -0.015481 0.057171 0.053519
v -0.009151 0.054722 0.053519
v -0.003866 0.050466 0.053519
v 0.003866 0.050466 0.053519
v 0.009162 0.054728 0.053519
v 0.015498 0.057191 0.053519
v 0.009141 0.086439 0.053519
v 0.003853 0.090693 0.053519
v 0.015472 0.083996 0.053519
v -0.009161 0.086427 0.053519
v -0.015489 0.083976 0.053519
v -0.003879 0.090688 0.053519
v -0.019352 0.077278 0.053519
v -0.018306 0.070572 0.053519
v -0.019348 0.063866 0.053519
v -0.015481 0.057171 0.066018
v -0.003866 0.050466 0.066018
v -0.009151 0.054722 0.066018
v 0.003866 0.050466 0.066018
v 0.015498 0.057191 0.066018
v 0.009162 0.054728 0.066018
v 0.018306 0.070596 0.066018
v 0.019356 0.063891 0.066018
v 0.019343 0.077303 0.066018
v 0.009141 0.086439 0.066018
v 0.015472 0.083996 0.066018
v 0.003853 0.090693 0.066018
v -0.009161 0.086427 0.066018
v -0.003879 0.090688 0.066018
v -0.015489 0.083976 0.066018
v -0.019352 0.077278 0.066018
v -0.019348 0.063866 0.066018
v -0.018306 0.070572 0.066018
v 0.008500 0.058456 0.072497
v 0.014762 0.058463 0.053519
v 0.008500 0.058456 0.053519
v 0.014762 0.058463 0.072497
v 0.005363 0.063876 0.053519
v 0.008488 0.069303 0.072497
v 0.005363 0.063876 0.072497
v 0.008488 0.069303 0.053519
v 0.017887 0.063890 0.072497
v 0.017887 0.063890 0.053519
v 0.014762 0.058463 0.053519
v 0.014762 0.058463 0.072497
v 0.005363 0.063876 0.053519
v 0.008500 0.058456 0.072497
v 0.008500 0.058456 0.053519
v 0.005363 0.063876 0.072497
v 0.008488 0.069303 0.072497
v 0.008488 0.069303 0.053519
v 0.014750 0.069310 0.053519
v 0.014750 0.069310 0.072497
v 0.007752 0.070586 0.053519
v 0.018306 0.070596 0.053519
v 0.014750 0.069310 0.053519
v 0.008488 0.069303 0.053519
v 0.008500 0.058456 0.053519
v 0.003880 0.063866 0.053519
v 0.005363 0.063876 0.053519
v 0.009162 0.054728 0.053519
v 0.014762 0.058463 0.053519
v 0.015498 0.057191 0.053519
v 0.017887 0.063890 0.053519
v 0.018306 0.070596 0.053519
v 0.019356 0.063891 0.053519
v 0.005363 0.063876 0.053519
v 0.007752 0.070586 0.053519
v 0.008488 0.069303 0.053519
v 0.003880 0.063866 0.053519
v 0.017887 0.063890 0.072497
v 0.014750 0.069310 0.053519
v 0.017887 0.063890 0.053519
v 0.014750 0.069310 0.072497
v 0.003880 0.063866 0.053519
v -0.007752 0.070576 0.053519
v 0.007752 0.070586 0.053519
v -0.003875 0.063864 0.053519
v -0.003880 0.077290 0.053519
v 0.003871 0.077295 0.053519
v 0.019356 0.063891 0.053519
v 0.014762 0.058463 0.053519
v 0.017887 0.063890 0.053519
v 0.015498 0.057191 0.053519
v -0.019352 0.077278 0.066018
v -0.019352 0.077278 0.053519
v -0.019348 0.063866 0.053519
v -0.019348 0.063866 0.066018
v 0.017874 0.077302 0.072497
v 0.017874 0.077302 0.053519
v 0.014748 0.071875 0.053519
v 0.014748 0.071875 0.072497
v 0.005349 0.077291 0.053519
v 0.008485 0.071870 0.072497
v 0.008485 0.071870 0.053519
v 0.005349 0.077291 0.072497
v 0.014738 0.082723 0.072497
v 0.014738 0.082723 0.053519
v 0.017874 0.077302 0.053519
v 0.017874 0.077302 0.072497
v 0.008485 0.071870 0.072497
v 0.014748 0.071875 0.053519
v 0.008485 0.071870 0.053519
v 0.014748 0.071875 0.072497
v 0.008476 0.082717 0.053519
v 0.008476 0.082717 0.072497
v 0.005349 0.077291 0.072497
v 0.005349 0.077291 0.053519
v 0.007752 0.070586 0.053519
v 0.014748 0.071875 0.053519
v 0.014750 0.069310 0.053519
v 0.019343 0.077303 0.053519
v 0.008485 0.071870 0.053519
v 0.008476 0.082717 0.053519
v 0.003871 0.077295 0.053519
v 0.009141 0.086439 0.053519
v 0.005349 0.077291 0.053519
v 0.018306 0.070596 0.053519
v 0.014748 0.071875 0.053519
v 0.017874 0.077302 0.053519
v 0.019343 0.077303 0.053519
v 0.009141 0.086439 0.053519
v 0.014738 0.082723 0.053519
v 0.008476 0.082717 0.053519
v 0.015472 0.083996 0.053519
v 0.007752 0.070586 0.053519
v 0.003871 0.077295 0.053519
v 0.008485 0.071870 0.053519
v 0.005349 0.077291 0.053519
v 0.008476 0.082717 0.072497
v 0.008476 0.082717 0.053519
v 0.014738 0.082723 0.053519
v 0.014738 0.082723 0.072497
v 0.014738 0.082723 0.053519
v 0.019343 0.077303 0.053519
v 0.017874 0.077302 0.053519
v 0.015472 0.083996 0.053519
v 0.003119 0.089420 0.072497
v 0.003119 0.089420 0.053519
v 0.006254 0.083998 0.053519
v 0.006254 0.083998 0.072497
v -0.003136 0.078568 0.072497
v 0.003126 0.078572 0.053519
v -0.003136 0.078568 0.053519
v 0.003126 0.078572 0.072497
v -0.003144 0.089416 0.072497
v -0.003144 0.089416 0.053519
v 0.003119 0.089420 0.053519
v 0.003119 0.089420 0.072497
v 0.006254 0.083998 0.072497
v 0.006254 0.083998 0.053519
v 0.003126 0.078572 0.053519
v 0.003126 0.078572 0.072497
v -0.006271 0.083990 0.053519
v -0.006271 0.083990 0.072497
v -0.003136 0.078568 0.072497
v -0.003136 0.078568 0.053519
v 0.009141 0.086439 0.053519
v 0.003871 0.077295 0.053519
v 0.006254 0.083998 0.053519
v 0.003126 0.078572 0.053519
v -0.003880 0.077290 0.053519
v -0.009161 0.086427 0.053519
v -0.006271 0.083990 0.053519
v -0.003136 0.078568 0.053519
v 0.009141 0.086439 0.053519
v 0.003119 0.089420 0.053519
v 0.003853 0.090693 0.053519
v 0.006254 0.083998 0.053519
v -0.009161 0.086427 0.053519
v -0.003144 0.089416 0.053519
v -0.006271 0.083990 0.053519
v -0.003136 0.078568 0.053519
v 0.003871 0.077295 0.053519
v -0.003880 0.077290 0.053519
v 0.003126 0.078572 0.053519
v -0.003144 0.089416 0.053519
v -0.003144 0.089416 0.072497
v -0.006271 0.083990 0.072497
v -0.006271 0.083990 0.053519
v -0.003879 0.090688 0.053519
v 0.003119 0.089420 0.053519
v 0.003853 0.090693 0.053519
v -0.008492 0.082706 0.072497
v -0.014754 0.082704 0.053519
v -0.008492 0.082706 0.053519
v -0.014754 0.082704 0.072497
v -0.005358 0.077284 0.072497
v -0.005358 0.077284 0.053519
v -0.008487 0.071859 0.053519
v -0.008487 0.071859 0.072497
v -0.014754 0.082704 0.053519
v -0.017883 0.077278 0.072497
v -0.017883 0.077278 0.053519
v -0.014754 0.082704 0.072497
v -0.008492 0.082706 0.072497
v -0.008492 0.082706 0.053519
v -0.005358 0.077284 0.053519
v -0.005358 0.077284 0.072497
v -0.014749 0.071856 0.072497
v -0.008487 0.071859 0.053519
v -0.014749 0.071856 0.053519
v -0.008487 0.071859 0.072497
v -0.009161 0.086427 0.053519
v -0.003880 0.077290 0.053519
v -0.008492 0.082706 0.053519
v -0.005358 0.077284 0.053519
v -0.014749 0.071856 0.053519
v -0.007752 0.070576 0.053519
v -0.018306 0.070572 0.053519
v -0.008487 0.071859 0.053519
v -0.009161 0.086427 0.053519
v -0.008492 0.082706 0.053519
v -0.014754 0.082704 0.053519
v -0.015489 0.083976 0.053519
v -0.017883 0.077278 0.053519
v -0.018306 0.070572 0.053519
v -0.019352 0.077278 0.053519
v -0.003880 0.077290 0.053519
v -0.008487 0.071859 0.053519
v -0.005358 0.077284 0.053519
v -0.007752 0.070576 0.053519
v -0.017883 0.077278 0.053519
v -0.014749 0.071856 0.072497
v -0.014749 0.071856 0.053519
v -0.017883 0.077278 0.072497
v -0.014754 0.082704 0.053519
v -0.019352 0.077278 0.053519
v -0.015489 0.083976 0.053519
v -0.017883 0.077278 0.053519
v -0.017879 0.063866 0.053519
v -0.014749 0.069291 0.072497
v -0.017879 0.063866 0.072497
v -0.014749 0.069291 0.053519
v -0.008486 0.069292 0.072497
v -0.008486 0.069292 0.053519
v -0.005354 0.063869 0.053519
v -0.005354 0.063869 0.072497
v -0.017879 0.063866 0.053519
v -0.014746 0.058443 0.072497
v -0.014746 0.058443 0.053519
v -0.017879 0.063866 0.072497
v -0.014749 0.069291 0.072497
v -0.014749 0.069291 0.053519
v -0.008486 0.069292 0.053519
v -0.008486 0.069292 0.072497
v -0.005354 0.063869 0.072497
v -0.005354 0.063869 0.053519
v -0.008484 0.058445 0.053519
v -0.008484 0.058445 0.072497
v -0.007752 0.070576 0.053519
v -0.014749 0.069291 0.053519
v -0.014749 0.071856 0.053519
v -0.008486 0.069292 0.053519
v -0.003875 0.063864 0.053519
v -0.009151 0.054722 0.053519
v -0.008484 0.058445 0.053519
v -0.005354 0.063869 0.053519
v -0.018306 0.070572 0.053519
v -0.017879 0.063866 0.053519
v -0.019348 0.063866 0.053519
v -0.014749 0.069291 0.053519
v -0.014746 0.058443 0.053519
v -0.009151 0.054722 0.053519
v -0.015481 0.057171 0.053519
v -0.008484 0.058445 0.053519
v -0.008486 0.069292 0.053519
v -0.003875 0.063864 0.053519
v -0.005354 0.063869 0.053519
v -0.007752 0.070576 0.053519
v -0.014746 0.058443 0.072497
v -0.008484 0.058445 0.053519
v -0.014746 0.058443 0.053519
v -0.008484 0.058445 0.072497
v -0.015481 0.057171 0.053519
v -0.019348 0.063866 0.053519
v -0.014746 0.058443 0.053519
v -0.017879 0.063866 0.053519
v -0.006262 0.057162 0.053519
v -0.006262 0.057162 0.072497
v -0.003131 0.051739 0.072497
v -0.003131 0.051739 0.053519
v -0.003131 0.062586 0.072497
v -0.003131 0.062586 0.053519
v 0.003131 0.062586 0.053519
v 0.003131 0.062586 0.072497
v -0.003131 0.051739 0.072497
v 0.003131 0.051739 0.053519
v -0.003131 0.051739 0.053519
v 0.003131 0.051739 0.072497
v -0.006262 0.057162 0.053519
v -0.003131 0.062586 0.072497
v -0.006262 0.057162 0.072497
v -0.003131 0.062586 0.053519
v 0.006262 0.057162 0.072497
v 0.003131 0.062586 0.053519
v 0.006262 0.057162 0.053519
v 0.003131 0.062586 0.072497
v -0.009151 0.054722 0.053519
v -0.003875 0.063864 0.053519
v -0.006262 0.057162 0.053519
v -0.003131 0.062586 0.053519
v 0.006262 0.057162 0.053519
v 0.003880 0.063866 0.053519
v 0.009162 0.054728 0.053519
v 0.003131 0.062586 0.053519
v -0.009151 0.054722 0.053519
v -0.006262 0.057162 0.053519
v -0.003131 0.051739 0.053519
v -0.003866 0.050466 0.053519
v 0.009162 0.054728 0.053519
v 0.003131 0.051739 0.053519
v 0.006262 0.057162 0.053519
v 0.003866 0.050466 0.053519
v -0.003875 0.063864 0.053519
v 0.003131 0.062586 0.053519
v -0.003131 0.062586 0.053519
v 0.006262 0.057162 0.072497
v 0.006262 0.057162 0.053519
v 0.003131 0.051739 0.053519
v 0.003131 0.051739 0.072497
v -0.003131 0.051739 0.053519
v 0.003866 0.050466 0.053519
v -0.003866 0.050466 0.053519
v 0.003131 0.051739 0.053519
v 0.008500 0.058456 0.091476
v 0.014762 0.058463 0.072497
v 0.008500 0.058456 0.072497
v 0.014762 0.058463 0.091476
v 0.008488 0.069303 0.072497
v 0.008488 0.069303 0.091476
v 0.005363 0.063876 0.072497
v 0.005363 0.063876 0.091476
v 0.014762 0.058463 0.091476
v 0.017887 0.063890 0.072497
v 0.014762 0.058463 0.072497
v 0.017887 0.063890 0.091476
v 0.005363 0.063876 0.072497
v 0.005363 0.063876 0.091476
v 0.008500 0.058456 0.072497
v 0.008500 0.058456 0.091476
v 0.014750 0.069310 0.072497
v 0.008488 0.069303 0.091476
v 0.008488 0.069303 0.072497
v 0.014750 0.069310 0.091476
v 0.014750 0.069310 0.091476
v 0.007752 0.070586 0.091476
v 0.008488 0.069303 0.091476
v 0.018306 0.070596 0.091476
v 0.009162 0.054728 0.091476
v 0.015498 0.057191 0.091476
v 0.014762 0.058463 0.091476
v 0.008500 0.058456 0.091476
v 0.018306 0.070596 0.091476
v 0.017887 0.063890 0.091476
v 0.019356 0.063891 0.091476
v 0.014750 0.069310 0.091476
v 0.017887 0.063890 0.091476
v 0.014750 0.069310 0.072497
v 0.017887 0.063890 0.072497
v 0.014750 0.069310 0.091476
v 0.007752 0.070586 0.091476
v 0.003880 0.063867 0.091476
v 0.005363 0.063876 0.091476
v 0.008488 0.069303 0.091476
v 0.014762 0.058463 0.091476
v 0.019356 0.063891 0.091476
v 0.017887 0.063890 0.091476
v 0.015498 0.057191 0.091476
v 0.015498 0.057191 0.091476
v 0.009162 0.054728 0.066018
v 0.015498 0.057191 0.066018
v 0.009162 0.054728 0.091476
v 0.019356 0.063891 0.066018
v 0.019356 0.063891 0.091476
v 0.015498 0.057191 0.091476
v 0.015498 0.057191 0.066018
v 0.018306 0.070596 0.066018
v 0.018306 0.070596 0.091476
v 0.019356 0.063891 0.091476
v 0.019356 0.063891 0.066018
v 0.014748 0.071875 0.091476
v 0.017874 0.077302 0.072497
v 0.014748 0.071875 0.072497
v 0.017874 0.077302 0.091476
v 0.005349 0.077291 0.072497
v 0.008485 0.071870 0.091476
v 0.008485 0.071870 0.072497
v 0.005349 0.077291 0.091476
v 0.017874 0.077302 0.091476
v 0.014738 0.082723 0.072497
v 0.017874 0.077302 0.072497
v 0.014738 0.082723 0.091476
v 0.008485 0.071870 0.091476
v 0.014748 0.071875 0.072497
v 0.008485 0.071870 0.072497
v 0.014748 0.071875 0.091476
v 0.008476 0.082717 0.072497
v 0.008476 0.082717 0.091476
v 0.005349 0.077291 0.072497
v 0.005349 0.077291 0.091476
v 0.007752 0.070586 0.091476
v 0.018306 0.070596 0.091476
v 0.014748 0.071875 0.091476
v 0.008485 0.071870 0.091476
v 0.008476 0.082717 0.091476
v 0.003871 0.077295 0.091476
v 0.005349 0.077291 0.091476
v 0.009141 0.086439 0.091476
v 0.018306 0.070596 0.091476
v 0.017874 0.077302 0.091476
v 0.014748 0.071875 0.091476
v 0.019343 0.077303 0.091476
v 0.014738 0.082723 0.091476
v 0.009141 0.086439 0.091476
v 0.008476 0.082717 0.091476
v 0.015472 0.083996 0.091476
v 0.003871 0.077295 0.091476
v 0.008485 0.071870 0.091476
v 0.005349 0.077291 0.091476
v 0.007752 0.070586 0.091476
v 0.014738 0.082723 0.072497
v 0.008476 0.082717 0.091476
v 0.008476 0.082717 0.072497
v 0.014738 0.082723 0.091476
v 0.019343 0.077303 0.091476
v 0.015472 0.083996 0.091476
v 0.014738 0.082723 0.091476
v 0.017874 0.077302 0.091476
v 0.018306 0.070596 0.066018
v 0.019343 0.077303 0.091476
v 0.018306 0.070596 0.091476
v 0.019343 0.077303 0.066018
v 0.015472 0.083996 0.066018
v 0.015472 0.083996 0.091476
v 0.019343 0.077303 0.091476
v 0.019343 0.077303 0.066018
v 0.009141 0.086439 0.091476
v 0.015472 0.083996 0.066018
v 0.009141 0.086439 0.066018
v 0.015472 0.083996 0.091476
v 0.006254 0.083998 0.091476
v 0.003119 0.089420 0.072497
v 0.006254 0.083998 0.072497
v 0.003119 0.089420 0.091476
v -0.003136 0.078568 0.091476
v 0.003126 0.078572 0.072497
v -0.003136 0.078568 0.072497
v 0.003126 0.078572 0.091476
v 0.003119 0.089420 0.072497
v -0.003144 0.089416 0.091476
v -0.003144 0.089416 0.072497
v 0.003119 0.089420 0.091476
v 0.003126 0.078572 0.091476
v 0.006254 0.083998 0.072497
v 0.003126 0.078572 0.072497
v 0.006254 0.083998 0.091476
v -0.006271 0.083990 0.072497
v -0.003136 0.078568 0.091476
v -0.003136 0.078568 0.072497
v -0.006271 0.083990 0.091476
v 0.003871 0.077295 0.091476
v 0.009141 0.086439 0.091476
v 0.006254 0.083998 0.091476
v 0.003126 0.078572 0.091476
v 0.009141 0.086439 0.091476
v 0.003853 0.090693 0.091476
v 0.003119 0.089420 0.091476
v 0.006254 0.083998 0.091476
v -0.006271 0.083990 0.091476
v -0.003880 0.077290 0.091476
v -0.003136 0.078568 0.091476
v -0.009161 0.086427 0.091476
v -0.003144 0.089416 0.091476
v -0.003879 0.090688 0.091476
v -0.003880 0.077290 0.091476
v 0.003871 0.077295 0.091476
v 0.003126 0.078572 0.091476
v -0.003136 0.078568 0.091476
v -0.003144 0.089416 0.072497
v -0.003144 0.089416 0.091476
v -0.006271 0.083990 0.072497
v -0.006271 0.083990 0.091476
v 0.003119 0.089420 0.091476
v -0.003879 0.090688 0.091476
v -0.003144 0.089416 0.091476
v 0.003853 0.090693 0.091476
v 0.003853 0.090693 0.091476
v 0.009141 0.086439 0.066018
v 0.003853 0.090693 0.066018
v 0.009141 0.086439 0.091476
v 0.003853 0.090693 0.091476
v 0.003853 0.090693 0.066018
v -0.003879 0.090688 0.066018
v -0.003879 0.090688 0.091476
v -0.009161 0.086427 0.091476
v -0.003879 0.090688 0.066018
v -0.009161 0.086427 0.066018
v -0.003879 0.090688 0.091476
v -0.008492 0.082706 0.072497
v -0.014754 0.082704 0.091476
v -0.014754 0.082704 0.072497
v -0.008492 0.082706 0.091476
v -0.008487 0.071859 0.091476
v -0.005358 0.077284 0.072497
v -0.008487 0.071859 0.072497
v -0.005358 0.077284 0.091476
v -0.014754 0.082704 0.072497
v -0.017883 0.077278 0.091476
v -0.017883 0.077278 0.072497
v -0.014754 0.082704 0.091476
v -0.005358 0.077284 0.091476
v -0.008492 0.082706 0.072497
v -0.005358 0.077284 0.072497
v -0.008492 0.082706 0.091476
v -0.014749 0.071856 0.091476
v -0.008487 0.071859 0.072497
v -0.014749 0.071856 0.072497
v -0.008487 0.071859 0.091476
v -0.003880 0.077290 0.091476
v -0.009161 0.086427 0.091476
v -0.008492 0.082706 0.091476
v -0.005358 0.077284 0.091476
v -0.014749 0.071856 0.091476
v -0.007752 0.070576 0.091476
v -0.008487 0.071859 0.091476
v -0.018306 0.070572 0.091476
v -0.009161 0.086427 0.091476
v -0.014754 0.082704 0.091476
v -0.008492 0.082706 0.091476
v -0.015489 0.083976 0.091476
v -0.017883 0.077278 0.091476
v -0.018306 0.070572 0.091476
v -0.014749 0.071856 0.091476
v -0.019352 0.077278 0.091476
v -0.007752 0.070576 0.091476
v -0.008487 0.071859 0.091476
v -0.005358 0.077284 0.091476
v -0.017883 0.077278 0.072497
v -0.014749 0.071856 0.091476
v -0.014749 0.071856 0.072497
v -0.017883 0.077278 0.091476
v -0.014754 0.082704 0.091476
v -0.019352 0.077278 0.091476
v -0.017883 0.077278 0.091476
v -0.015489 0.083976 0.091476
v -0.015489 0.083976 0.091476
v -0.009161 0.086427 0.066018
v -0.015489 0.083976 0.066018
v -0.009161 0.086427 0.091476
v -0.019352 0.077278 0.091476
v -0.015489 0.083976 0.066018
v -0.019352 0.077278 0.066018
v -0.015489 0.083976 0.091476
v -0.018306 0.070572 0.091476
v -0.019352 0.077278 0.066018
v -0.018306 0.070572 0.066018
v -0.019352 0.077278 0.091476
v -0.014749 0.069291 0.072497
v -0.014749 0.069291 0.091476
v -0.017879 0.063866 0.072497
v -0.017879 0.063866 0.091476
v -0.005354 0.063869 0.091476
v -0.008486 0.069292 0.072497
v -0.005354 0.063869 0.072497
v -0.008486 0.069292 0.091476
v -0.017879 0.063866 0.072497
v -0.014746 0.058443 0.091476
v -0.014746 0.058443 0.072497
v -0.017879 0.063866 0.091476
v -0.008486 0.069292 0.072497
v -0.014749 0.069291 0.091476
v -0.014749 0.069291 0.072497
v -0.008486 0.069292 0.091476
v -0.008484 0.058445 0.072497
v -0.005354 0.063869 0.091476
v -0.005354 0.063869 0.072497
v -0.008484 0.058445 0.091476
v -0.007752 0.070576 0.091476
v -0.018306 0.070572 0.091476
v -0.014749 0.069291 0.091476
v -0.008486 0.069292 0.091476
v -0.008484 0.058445 0.091476
v -0.003875 0.063864 0.091476
v -0.005354 0.063869 0.091476
v -0.009151 0.054722 0.091476
v -0.018306 0.070572 0.091476
v -0.019348 0.063866 0.091476
v -0.017879 0.063866 0.091476
v -0.014749 0.069291 0.091476
v -0.009151 0.054722 0.091476
v -0.014746 0.058443 0.091476
v -0.015481 0.057171 0.091476
v -0.008484 0.058445 0.091476
v -0.003875 0.063864 0.091476
v -0.007752 0.070576 0.091476
v -0.008486 0.069292 0.091476
v -0.005354 0.063869 0.091476
v -0.014746 0.058443 0.091476
v -0.008484 0.058445 0.072497
v -0.014746 0.058443 0.072497
v -0.008484 0.058445 0.091476
v -0.019348 0.063866 0.091476
v -0.014746 0.058443 0.091476
v -0.017879 0.063866 0.091476
v -0.015481 0.057171 0.091476
v -0.018306 0.070572 0.091476
v -0.018306 0.070572 0.066018
v -0.019348 0.063866 0.066018
v -0.019348 0.063866 0.091476
v -0.019348 0.063866 0.091476
v -0.019348 0.063866 0.066018
v -0.015481 0.057171 0.066018
v -0.015481 0.057171 0.091476
v -0.015481 0.057171 0.091476
v -0.015481 0.057171 0.066018
v -0.009151 0.054722 0.066018
v -0.009151 0.054722 0.091476
v -0.006262 0.057162 0.072497
v -0.006262 0.057162 0.091476
v -0.003131 0.051739 0.072497
v -0.003131 0.051739 0.091476
v 0.003131 0.062586 0.072497
v -0.003131 0.062586 0.091476
v -0.003131 0.062586 0.072497
v 0.003131 0.062586 0.091476
v -0.003131 0.051739 0.072497
v 0.003131 0.051739 0.091476
v 0.003131 0.051739 0.072497
v -0.003131 0.051739 0.091476
v -0.003131 0.062586 0.072497
v -0.003131 0.062586 0.091476
v -0.006262 0.057162 0.072497
v -0.006262 0.057162 0.091476
v 0.006262 0.057162 0.091476
v 0.003131 0.062586 0.072497
v 0.006262 0.057162 0.072497
v 0.003131 0.062586 0.091476
v -0.003875 0.063864 0.091476
v -0.006262 0.057162 0.091476
v -0.003131 0.062586 0.091476
v -0.009151 0.054722 0.091476
v 0.006262 0.057162 0.091476
v 0.003131 0.062586 0.091476
v -0.009151 0.054722 0.091476
v -0.003131 0.051739 0.091476
v -0.006262 0.057162 0.091476
v -0.003866 0.050466 0.091476
v 0.003131 0.051739 0.091476
v 0.009162 0.054728 0.091476
v 0.006262 0.057162 0.091476
v 0.003866 0.050466 0.091476
v 0.008500 0.058456 0.091476
v 0.009162 0.054728 0.091476
v -0.003875 0.063864 0.091476
v -0.003131 0.062586 0.091476
v 0.003131 0.051739 0.072497
v 0.006262 0.057162 0.091476
v 0.006262 0.057162 0.072497
v 0.003131 0.051739 0.091476
v -0.003131 0.051739 0.091476
v 0.003866 0.050466 0.091476
v 0.003131 0.051739 0.091476
v -0.003866 0.050466 0.091476
v -0.009151 0.054722 0.091476
v -0.003866 0.050466 0.066018
v -0.003866 0.050466 0.091476
v -0.009151 0.054722 0.066018
v 0.003866 0.050466 0.091476
v -0.003866 0.050466 0.066018
v 0.003866 0.050466 0.066018
v -0.003866 0.050466 0.091476
v 0.003866 0.050466 0.091476
v 0.009162 0.054728 0.066018
v 0.009162 0.054728 0.091476
v 0.003866 0.050466 0.066018
v -0.003699 0.092312 0.024437
v 0.003699 0.091170 0.028839
v 0.003699 0.092312 0.024437
v -0.003699 0.091170 0.028839
v 0.003699 0.086775 0.027751
v -0.003699 0.089217 0.022144
v 0.003699 0.089217 0.022144
v -0.003699 0.086775 0.027751
v -0.003699 0.086775 0.027751
v -0.003699 0.092312 0.024437
v -0.003699 0.089217 0.022144
v -0.003699 0.091170 0.028839
v -0.003699 0.089217 0.022144
v 0.003699 0.092312 0.024437
v 0.003699 0.089217 0.022144
v -0.003699 0.092312 0.024437
v -0.003699 0.086775 0.027751
v -0.003699 0.087828 0.035501
v -0.003699 0.091170 0.028839
v -0.003699 0.084154 0.031436
v 0.003699 0.087828 0.035501
v 0.003699 0.086775 0.027751
v 0.003699 0.091170 0.028839
v 0.003699 0.084154 0.031436
v -0.003699 0.091170 0.028839
v 0.003699 0.087828 0.035501
v 0.003699 0.091170 0.028839
v -0.003699 0.087828 0.035501
v 0.003699 0.092312 0.024437
v 0.003699 0.086775 0.027751
v 0.003699 0.089217 0.022144
v 0.003699 0.091170 0.028839
v 0.003699 0.087828 0.035501
v 0.003699 0.081307 0.033359
v 0.003699 0.084154 0.031436
v 0.003699 0.086701 0.040622
v -0.003699 0.087828 0.035501
v 0.003699 0.086701 0.040622
v 0.003699 0.087828 0.035501
v -0.003699 0.086701 0.040622
v -0.003699 0.084154 0.031436
v 0.003699 0.081307 0.033359
v -0.003699 0.081307 0.033359
v 0.003699 0.084154 0.031436
v 0.003699 0.084154 0.031436
v -0.003699 0.086775 0.027751
v 0.003699 0.086775 0.027751
v -0.003699 0.084154 0.031436
v 0.003699 0.083876 0.042729
v 0.003699 0.081307 0.033359
v 0.003699 0.086701 0.040622
v 0.003699 0.075334 0.035444
v 0.003699 0.086701 0.040622
v -0.003699 0.086701 0.040622
v -0.003699 0.083876 0.042729
v 0.003699 0.083876 0.042729
v -0.003699 0.075334 0.035444
v 0.003699 0.081307 0.033359
v 0.003699 0.075334 0.035444
v -0.003699 0.081307 0.033359
v -0.003699 0.081307 0.033359
v -0.003699 0.083876 0.042729
v -0.003699 0.086701 0.040622
v -0.003699 0.075334 0.035444
v -0.003699 0.081307 0.033359
v -0.003699 0.087828 0.035501
v -0.003699 0.084154 0.031436
v -0.003699 0.086701 0.040622
v -0.003699 0.075334 0.035444
v 0.003699 0.083876 0.042729
v -0.003699 0.083876 0.042729
v 0.003699 0.075334 0.035444
vn -0.000001 0.654354 0.756188
vn -0.000001 0.654354 0.756188
vn -0.000001 0.654354 0.756188
vn -0.000001 0.654354 0.756188
vn -1.000000 -0.000000 -0.000000
vn -1.000000 -0.000000 -0.000000
vn -1.000000 -0.000000 -0.000000
vn -1.000000 -0.000000 -0.000000
vn 1.000000 0.000000 0.000000
vn 1.000000 0.000000 0.000000
vn 1.000000 0.000000 0.000000
vn 1.000000 0.000000 0.000000
vn -0.000000 -0.576848 0.816852
vn -0.000000 -0.576848 0.816852
vn -0.000000 -0.576848 0.816852
vn -0.000000 -0.576848 0.816852
vn 1.000000 0.000000 0.000000
vn 1.000000 0.000000 0.000000
vn 1.000000 0.000000 0.000000
vn 1.000000 0.000000 0.000000
vn 0.000001 -0.558423 -0.829557
vn 0.000001 -0.558423 -0.829557
vn 0.000001 -0.558423 -0.829557
vn 0.000001 -0.558423 -0.829557
vn -0.000000 0.396562 0.918008
vn -0.000000 0.396562 0.918008
vn -0.000000 0.396562 0.918008
vn -0.000000 0.396562 0.918008
vn 0.000001 -0.820651 -0.571429
vn 0.000001 -0.820651 -0.571429
vn 0.000001 -0.820651 -0.571429
vn 0.000001 -0.820651 -0.571429
vn 1.000000 0.000000 0.000000
vn 1.000000 0.000000 0.000000
vn 1.000000 0.000000 0.000000
vn 1.000000 0.000000 0.000000
vn 0.000000 -0.232030 -0.972709
vn 0.000000 -0.232030 -0.972709
vn 0.000000 -0.232030 -0.972709
vn 0.000000 -0.232030 -0.972709
vn 0.000000 0.110100 0.993920
vn 0.000000 0.110100 0.993920
vn 0.000000 0.110100 0.993920
vn 0.000000 0.110100 0.993920
vn -1.000000 -0.000000 -0.000000
vn -1.000000 -0.000000 -0.000000
vn -1.000000 -0.000000 -0.000000
vn -1.000000 -0.000000 -0.000000
vn 0.000001 -0.585328 0.810796
vn 0.000001 -0.585328 0.810796
vn 0.000001 -0.585328 0.810796
vn 0.000001 -0.585328 0.810796
vn -0.000000 -0.078594 -0.996907
vn -0.000000 -0.078594 -0.996907
vn -0.000000 -0.078594 -0.996907
vn -0.000000 -0.078594 -0.996907
vn -1.000000 0.000000 0.000000
vn -1.000000 0.000000 0.000000
vn -1.000000 0.000000 0.000000
vn -1.000000 0.000000 0.000000
vn -1.000000 -0.000000 -0.000000
vn -1.000000 -0.000000 -0.000000
vn -1.000000 -0.000000 -0.000000
vn -1.000000 -0.000000 -0.000000
vn 0.000002 -0.977059 -0.212967
vn 0.000002 -0.977059 -0.212967
vn 0.000002 -0.977059 -0.212967
vn 0.000002 -0.977059 -0.212967
vn 1.000000 -0.000000 0.000000
vn 1.000000 -0.000000 0.000000
vn 1.000000 -0.000000 0.000000
vn 1.000000 -0.000000 0.000000
vn -1.000000 -0.000000 0.000000
vn -1.000000 -0.000000 0.000000
vn -1.000000 -0.000000 0.000000
vn 0.000000 -0.390926 0.920422
vn 0.000000 -0.390926 0.920422
vn 0.000000 -0.390926 0.920422
vn 0.000000 -0.390926 0.920422
vn -1.000000 -0.000000 0.000000
vn -1.000000 -0.000000 0.000000
vn -1.000000 -0.000000 0.000000
vn 0.000000 -0.136713 -0.990611
vn 0.000000 -0.136713 -0.990611
vn 0.000000 -0.136713 -0.990611
vn 0.000000 -0.136713 -0.990611
vn 1.000000 0.000000 0.000000
vn 1.000000 0.000000 0.000000
vn 1.000000 0.000000 0.000000
vn 1.000000 0.000000 0.000000
vn 1.000000 0.000000 0.000000
vn 1.000000 0.000000 0.000000
vn 1.000000 0.000000 0.000000
vn 1.000000 0.000000 0.000000
vn -0.000001 1.000000 0.000000
vn -0.000001 1.000000 0.000000
vn -0.000001 1.000000 0.000000
vn -0.000001 1.000000 0.000000
vn -0.000001 1.000000 0.000000
vn -0.000001 1.000000 0.000000
vn -0.000000 0.649867 -0.760048
vn -0.000000 0.649867 -0.760048
vn -0.000000 0.649867 -0.760048
vn -0.000000 0.649867 -0.760048
vn -0.999473 0.026061 0.019354
vn -0.999473 0.026061 0.019354
vn -0.999473 0.026061 0.019354
vn -0.999473 0.026061 0.019354
vn 0.999473 0.026061 0.019353
vn 0.999473 0.026061 0.019353
vn 0.999473 0.026061 0.019353
vn 0.999473 0.026061 0.019353
vn 0.000000 -0.251574 0.967838
vn 0.000000 -0.251574 0.967838
vn 0.000000 -0.251574 0.967838
vn 0.000000 -0.251574 0.967838
vn -0.655648 0.508420 -0.558242
vn -0.655648 0.508420 -0.558242
vn -0.655648 0.508420 -0.558242
vn -0.655648 0.508420 -0.558242
vn 0.646078 0.207329 -0.734573
vn 0.646078 0.207329 -0.734573
vn 0.646078 0.207329 -0.734573
vn 0.646078 0.207329 -0.734573
vn -0.622368 -0.218520 0.751603
vn -0.622368 -0.218520 0.751603
vn -0.622368 -0.218520 0.751603
vn -0.622368 -0.218520 0.751603
vn 0.635034 -0.518702 0.572433
vn 0.635034 -0.518702 0.572433
vn 0.635034 -0.518702 0.572433
vn 0.635034 -0.518702 0.572433
vn -1.000000 0.000000 0.000000
vn -1.000000 0.000000 0.000000
vn -1.000000 0.000000 0.000000
vn -1.000000 0.000000 0.000000
vn 1.000000 -0.000000 -0.000000
vn 1.000000 -0.000000 -0.000000
vn 1.000000 -0.000000 -0.000000
vn 1.000000 -0.000000 -0.000000
vn -0.000000 0.458665 -0.888609
vn -0.000000 0.458665 -0.888609
vn -0.000000 0.458665 -0.888609
vn -0.000000 0.458665 -0.888609
vn 0.654082 0.068507 0.753315
vn 0.654082 0.068507 0.753315
vn 0.654082 0.068507 0.753315
vn 0.654082 0.068507 0.753315
vn -0.654082 0.068507 0.753315
vn -0.654082 0.068507 0.753315
vn -0.654082 0.068507 0.753315
vn -0.654082 0.068507 0.753315
vn 0.658446 0.160312 -0.735357
vn 0.658446 0.160312 -0.735357
vn 0.658446 0.160312 -0.735357
vn 0.658446 0.160312 -0.735357
vn -0.658446 0.160312 -0.735357
vn -0.658446 0.160312 -0.735357
vn -0.658446 0.160312 -0.735357
vn -0.658446 0.160312 -0.735357
vn -0.656969 -0.753915 0.001992
vn -0.656969 -0.753915 0.001992
vn -0.656969 -0.753915 0.001992
vn -0.656969 -0.753915 0.001992
vn 0.656970 -0.753914 0.001992
vn 0.656970 -0.753914 0.001992
vn 0.656970 -0.753914 0.001992
vn 0.656970 -0.753914 0.001992
vn 0.642029 -0.348260 0.683018
vn 0.642029 -0.348260 0.683018
vn 0.642029 -0.348260 0.683018
vn 0.642029 -0.348260 0.683018
vn -0.642029 -0.348260 0.683018
vn -0.642029 -0.348260 0.683018
vn -0.642029 -0.348260 0.683018
vn -0.642029 -0.348260 0.683018
vn -0.656657 -0.416629 -0.628666
vn -0.656657 -0.416629 -0.628666
vn -0.656657 -0.416629 -0.628666
vn -0.656657 -0.416629 -0.628666
vn 0.656658 -0.416629 -0.628666
vn 0.656658 -0.416629 -0.628666
vn 0.656658 -0.416629 -0.628666
vn 0.656658 -0.416629 -0.628666
vn -0.695225 0.157830 0.701251
vn -0.695225 0.157830 0.701251
vn -0.695225 0.157830 0.701251
vn -0.695225 0.157830 0.701251
vn 0.680677 0.175293 0.711303
vn 0.680677 0.175293 0.711303
vn 0.680677 0.175293 0.711303
vn 0.680677 0.175293 0.711303
vn -0.624116 0.780708 0.031227
vn -0.624116 0.780708 0.031227
vn -0.624116 0.780708 0.031227
vn -0.624116 0.780708 0.031227
vn 0.624116 0.780707 0.031227
vn 0.624116 0.780707 0.031227
vn 0.624116 0.780707 0.031227
vn 0.624116 0.780707 0.031227
vn 0.711281 0.465219 0.526925
vn 0.711281 0.465219 0.526925
vn 0.711281 0.465219 0.526925
vn 0.711281 0.465219 0.526925
vn -0.711281 0.465219 0.526925
vn -0.711281 0.465219 0.526925
vn -0.711281 0.465219 0.526925
vn -0.711281 0.465219 0.526925
vn 0.757182 -0.390357 0.523734
vn 0.757182 -0.390357 0.523734
vn 0.757182 -0.390357 0.523734
vn 0.757182 -0.390357 0.523734
vn -0.758343 -0.388846 0.523178
vn -0.758343 -0.388846 0.523178
vn -0.758343 -0.388846 0.523178
vn -0.758343 -0.388846 0.523178
vn 0.622368 -0.218519 0.751603
vn 0.622368 -0.218519 0.751603
vn 0.622368 -0.218519 0.751603
vn 0.622368 -0.218519 0.751603
vn -0.635034 -0.518702 0.572433
vn -0.635034 -0.518702 0.572433
vn -0.635034 -0.518702 0.572433
vn -0.635034 -0.518702 0.572433
vn 0.655648 0.508420 -0.558242
vn 0.655648 0.508420 -0.558242
vn 0.655648 0.508420 -0.558242
vn 0.655648 0.508420 -0.558242
vn -0.646078 0.207329 -0.734574
vn -0.646078 0.207329 -0.734574
vn -0.646078 0.207329 -0.734574
vn -0.646078 0.207329 -0.734574
vn 0.646688 0.350914 -0.677240
vn 0.646688 0.350914 -0.677240
vn 0.646688 0.350914 -0.677240
vn 0.646688 0.350914 -0.677240
vn -0.646688 0.350914 -0.677240
vn -0.646688 0.350914 -0.677240
vn -0.646688 0.350914 -0.677240
vn -0.646688 0.350914 -0.677240
vn -0.657319 -0.114749 0.744825
vn -0.657319 -0.114749 0.744825
vn -0.657319 -0.114749 0.744825
vn -0.657319 -0.114749 0.744825
vn 0.657320 -0.114749 0.744824
vn 0.657320 -0.114749 0.744824
vn 0.657320 -0.114749 0.744824
vn 0.657320 -0.114749 0.744824
vn 0.000000 -0.492656 0.870224
vn 0.000000 -0.492656 0.870224
vn 0.000000 -0.492656 0.870224
vn 0.000000 -0.492656 0.870224
vn 0.000000 -0.999997 0.002526
vn 0.000000 -0.999997 0.002526
vn 0.000000 -0.999997 0.002526
vn 0.000000 -0.999997 0.002526
vn -0.999174 0.031071 0.026171
vn -0.999174 0.031071 0.026171
vn -0.999174 0.031071 0.026171
vn -0.999174 0.031071 0.026171
vn -0.999174 0.031071 0.026171
vn 0.000000 -0.572289 -0.820052
vn 0.000000 -0.572289 -0.820052
vn 0.000000 -0.572289 -0.820052
vn 0.000000 -0.572289 -0.820052
vn 0.000000 0.661850 0.749637
vn 0.000000 0.661850 0.749637
vn 0.000000 0.661850 0.749637
vn 0.000000 0.661850 0.749637
vn 0.000001 0.195878 0.980628
vn 0.000001 0.195878 0.980628
vn 0.000001 0.195878 0.980628
vn 0.000001 0.195878 0.980628
vn 0.999176 0.031235 0.025906
vn 0.999176 0.031235 0.025906
vn 0.999176 0.031235 0.025906
vn 0.999176 0.031235 0.025906
vn 0.999176 0.031235 0.025906
vn 0.000000 0.999359 0.035791
vn 0.000000 0.999359 0.035791
vn 0.000000 0.999359 0.035791
vn 0.000000 0.999359 0.035791
vn 0.000001 -0.672468 0.740126
vn 0.000001 -0.672468 0.740126
vn 0.000001 -0.672468 0.740126
vn 0.000001 -0.672468 0.740126
vn 0.999221 0.034097 0.019863
vn 0.999221 0.034097 0.019863
vn 0.999221 0.034097 0.019863
vn 0.999221 0.034097 0.019863
vn 0.000001 -0.708965 0.705243
vn 0.000001 -0.708965 0.705243
vn 0.000001 -0.708965 0.705243
vn 0.000001 -0.708965 0.705243
vn 1.000000 -0.000000 0.000000
vn 1.000000 -0.000000 0.000000
vn 1.000000 -0.000000 0.000000
vn 1.000000 -0.000000 0.000000
vn 1.000000 0.000000 -0.000000
vn 1.000000 0.000000 -0.000000
vn 1.000000 0.000000 -0.000000
vn 1.000000 0.000000 -0.000000
vn -1.000000 -0.000000 0.000000
vn -1.000000 -0.000000 0.000000
vn -1.000000 -0.000000 0.000000
vn -1.000000 -0.000000 0.000000
vn -0.999221 0.034097 0.019863
vn -0.999221 0.034097 0.019863
vn -0.999221 0.034097 0.019863
vn -0.999221 0.034097 0.019863
vn -0.000000 0.090477 0.995899
vn -0.000000 0.090477 0.995899
vn -0.000000 0.090477 0.995899
vn -0.000000 0.090477 0.995899
vn -1.000000 -0.000000 0.000000
vn -1.000000 -0.000000 0.000000
vn -1.000000 -0.000000 0.000000
vn -1.000000 -0.000000 0.000000
vn 0.000000 -0.150572 0.988599
vn 0.000000 -0.150572 0.988599
vn 0.000000 -0.150572 0.988599
vn 0.000000 -0.150572 0.988599
vn -0.000000 0.252954 -0.967478
vn -0.000000 0.252954 -0.967478
vn -0.000000 0.252954 -0.967478
vn -0.000000 0.252954 -0.967478
vn -0.000000 0.211125 -0.977459
vn -0.000000 0.211125 -0.977459
vn -0.000000 0.211125 -0.977459
vn -0.000000 0.211125 -0.977459
vn -1.000000 0.000000 0.000000
vn -1.000000 0.000000 0.000000
vn -1.000000 0.000000 0.000000
vn -1.000000 0.000000 0.000000
vn -0.000000 1.000000 0.000000
vn -0.000000 1.000000 0.000000
vn -0.000000 1.000000 0.000000
vn -0.000000 1.000000 0.000000
vn 1.000000 0.000000 0.000000
vn 1.000000 0.000000 0.000000
vn 1.000000 0.000000 0.000000
vn 1.000000 0.000000 0.000000
vn -0.707107 -0.707107 0.000000
vn -0.707107 -0.707107 0.000000
vn -0.707107 -0.707107 0.000000
vn -0.707107 -0.707107 0.000000
vn -0.707106 0.707108 0.000000
vn -0.707106 0.707108 0.000000
vn -0.707106 0.707108 0.000000
vn -0.707106 0.707108 0.000000
vn 0.707106 0.707107 0.000000
vn 0.707106 0.707107 0.000000
vn 0.707106 0.707107 0.000000
vn 0.707106 0.707107 0.000000
vn 0.707107 -0.707107 0.000000
vn 0.707107 -0.707107 0.000000
vn 0.707107 -0.707107 0.000000
vn 0.707107 -0.707107 0.000000
vn 0.000000 -1.000000 0.000000
vn 0.000000 -1.000000 0.000000
vn 0.000000 -1.000000 0.000000
vn 0.000000 -1.000000 0.000000
vn 0.000008 0.000000 1.000000
vn 0.000008 0.000000 1.000000
vn 0.000008 0.000000 1.000000
vn 0.000008 0.000000 1.000000
vn -0.000000 0.000000 1.000000
vn -0.000000 0.000000 1.000000
vn -0.000000 0.000000 1.000000
vn -0.000000 0.000000 1.000000
vn -0.000000 0.000000 1.000000
vn -0.000000 0.000000 1.000000
vn -0.000000 0.000000 1.000000
vn -0.000000 0.000000 1.000000
vn 0.000000 -0.000002 1.000000
vn 0.000000 -0.000002 1.000000
vn 0.000000 -0.000002 1.000000
vn 0.000000 -0.000002 1.000000
vn -0.000000 0.000000 1.000000
vn -0.000000 0.000000 1.000000
vn -0.000000 0.000000 1.000000
vn -0.000000 0.000000 1.000000
vn 0.000008 0.000000 1.000000
vn 0.000008 0.000000 1.000000
vn 0.000008 0.000000 1.000000
vn 0.000008 0.000000 1.000000
vn 0.000000 -0.000001 1.000000
vn 0.000000 -0.000001 1.000000
vn 0.000000 -0.000001 1.000000
vn 0.000000 -0.000001 1.000000
vn -0.000000 0.000000 1.000000
vn -0.000000 0.000000 1.000000
vn -0.000000 0.000000 1.000000
vn -0.000000 0.000000 1.000000
vn -0.000000 0.000000 1.000000
vn -0.000000 0.000000 1.000000
vn 0.000000 -0.780983 0.624552
vn 0.000000 -0.780983 0.624552
vn 0.000000 -0.780983 0.624552
vn 0.000000 -0.780983 0.624552
vn 0.707107 -0.707107 0.000000
vn 0.707107 -0.707107 0.000000
vn 0.707107 -0.707107 0.000000
vn 0.707107 -0.707107 0.000000
vn 1.000000 0.000000 -0.000000
vn 1.000000 0.000000 -0.000000
vn 1.000000 0.000000 -0.000000
vn 1.000000 0.000000 -0.000000
vn -0.406375 0.913706 0.000000
vn -0.406375 0.913706 0.000000
vn -0.406375 0.913706 0.000000
vn -0.406375 0.913706 0.000000
vn -0.000000 1.000000 -0.000000
vn -0.000000 1.000000 -0.000000
vn -0.000000 1.000000 -0.000000
vn -0.000000 1.000000 -0.000000
vn 0.406375 0.913706 0.000000
vn 0.406375 0.913706 0.000000
vn 0.406375 0.913706 0.000000
vn 0.406375 0.913706 0.000000
vn -1.000000 -0.000000 0.000000
vn -1.000000 -0.000000 0.000000
vn -1.000000 -0.000000 0.000000
vn -1.000000 -0.000000 0.000000
vn -0.707107 -0.707106 0.000000
vn -0.707107 -0.707106 0.000000
vn -0.707107 -0.707106 0.000000
vn -0.707107 -0.707106 0.000000
vn 0.000000 -1.000000 0.000000
vn 0.000000 -1.000000 0.000000
vn 0.000000 -1.000000 0.000000
vn 0.000000 -1.000000 0.000000
vn 0.707107 0.707107 0.000000
vn 0.707107 0.707107 0.000000
vn 0.707107 0.707107 0.000000
vn 0.707107 0.707107 0.000000
vn 0.707107 -0.707107 0.000000
vn 0.707107 -0.707107 0.000000
vn 0.707107 -0.707107 0.000000
vn 0.707107 -0.707107 0.000000
vn -0.707106 -0.707107 -0.000000
vn -0.707106 -0.707107 -0.000000
vn -0.707106 -0.707107 -0.000000
vn -0.707106 -0.707107 -0.000000
vn -0.707106 0.707107 -0.000000
vn -0.707106 0.707107 -0.000000
vn -0.707106 0.707107 -0.000000
vn -0.707106 0.707107 -0.000000
vn -0.000000 1.000000 -0.000000
vn -0.000000 1.000000 -0.000000
vn -0.000000 1.000000 -0.000000
vn -0.000000 1.000000 -0.000000
vn 1.000000 -0.000000 0.000000
vn 1.000000 -0.000000 0.000000
vn 1.000000 -0.000000 0.000000
vn 1.000000 -0.000000 0.000000
vn -0.000002 -1.000000 -0.000000
vn -0.000002 -1.000000 -0.000000
vn -0.000002 -1.000000 -0.000000
vn -0.000002 -1.000000 -0.000000
vn -0.000001 -0.000000 1.000000
vn -0.000001 -0.000000 1.000000
vn -0.000001 -0.000000 1.000000
vn -0.000001 -0.000000 1.000000
vn -0.000001 -0.000000 1.000000
vn -0.000001 -0.000000 1.000000
vn -0.000001 -0.000000 1.000000
vn -0.000001 -0.000000 1.000000
vn -0.000003 -0.000000 1.000000
vn -0.000003 -0.000000 1.000000
vn -0.000003 -0.000000 1.000000
vn -0.000003 -0.000000 1.000000
vn 0.000012 0.000000 1.000000
vn 0.000012 0.000000 1.000000
vn 0.000012 0.000000 1.000000
vn 0.000012 0.000000 1.000000
vn 0.000012 0.000000 1.000000
vn 0.000012 0.000000 1.000000
vn 0.000012 0.000000 1.000000
vn 0.000012 0.000000 1.000000
vn -0.000000 0.000000 1.000000
vn -0.000000 0.000000 1.000000
vn -0.000000 0.000000 1.000000
vn -0.000000 0.000000 1.000000
vn -0.000000 0.000000 1.000000
vn -0.000000 0.000000 1.000000
vn -0.000000 0.000000 1.000000
vn -0.000000 0.000000 1.000000
vn -0.000000 0.000000 1.000000
vn -0.000000 0.000000 1.000000
vn -0.000000 0.000000 1.000000
vn -0.000000 0.000000 1.000000
vn -0.000000 0.000000 1.000000
vn -0.000000 0.000000 1.000000
vn -1.000000 -0.000000 -0.000000
vn -1.000000 -0.000000 -0.000000
vn -1.000000 -0.000000 -0.000000
vn -1.000000 -0.000000 -0.000000
vn 0.000000 -1.000000 -0.000004
vn 0.000000 -1.000000 -0.000004
vn 0.000000 -1.000000 -0.000004
vn 0.000000 -1.000000 -0.000004
vn -1.000000 0.000000 0.000000
vn -1.000000 0.000000 0.000000
vn -1.000000 0.000000 0.000000
vn -1.000000 0.000000 0.000000
vn 0.000003 1.000000 -0.000004
vn 0.000003 1.000000 -0.000004
vn 0.000003 1.000000 -0.000004
vn 0.000003 1.000000 -0.000004
vn 1.000000 0.000000 0.000000
vn 1.000000 0.000000 0.000000
vn 1.000000 0.000000 0.000000
vn 1.000000 0.000000 0.000000
vn -0.707110 -0.707103 -0.000004
vn -0.707110 -0.707103 -0.000004
vn -0.707110 -0.707103 -0.000004
vn -0.707110 -0.707103 -0.000004
vn -0.707106 0.707107 0.000000
vn -0.707106 0.707107 0.000000
vn -0.707106 0.707107 0.000000
vn -0.707106 0.707107 0.000000
vn 0.707107 0.707107 0.000004
vn 0.707107 0.707107 0.000004
vn 0.707107 0.707107 0.000004
vn 0.707107 0.707107 0.000004
vn -0.000012 -0.000000 1.000000
vn -0.000012 -0.000000 1.000000
vn -0.000012 -0.000000 1.000000
vn -0.000012 -0.000000 1.000000
vn -0.000000 0.000000 1.000000
vn -0.000000 0.000000 1.000000
vn -0.000000 0.000000 1.000000
vn -0.000000 0.000000 1.000000
vn -0.000000 0.000000 1.000000
vn -0.000000 0.000000 1.000000
vn -0.000000 0.000000 1.000000
vn -0.000000 0.000000 1.000000
vn -0.000000 0.000000 1.000000
vn -0.000000 0.000000 1.000000
vn -0.000000 0.000000 1.000000
vn -0.000000 0.000000 1.000000
vn -0.000000 0.000000 1.000000
vn -0.000011 -0.000000 1.000000
vn -0.000011 -0.000000 1.000000
vn -0.000011 -0.000000 1.000000
vn -0.000011 -0.000000 1.000000
vn 0.000001 0.000000 1.000000
vn 0.000001 0.000000 1.000000
vn 0.000001 0.000000 1.000000
vn 0.000001 0.000000 1.000000
vn 0.000011 0.000000 1.000000
vn 0.000011 0.000000 1.000000
vn 0.000011 0.000000 1.000000
vn 0.000011 0.000000 1.000000
vn 0.707110 -0.707103 0.000000
vn 0.707110 -0.707103 0.000000
vn 0.707110 -0.707103 0.000000
vn 0.707110 -0.707103 0.000000
vn -0.000008 -0.000000 1.000000
vn -0.000008 -0.000000 1.000000
vn -0.000008 -0.000000 1.000000
vn -0.000008 -0.000000 1.000000
vn 0.707106 -0.707108 -0.000000
vn 0.707106 -0.707108 -0.000000
vn 0.707106 -0.707108 -0.000000
vn 0.707106 -0.707108 -0.000000
vn 1.000000 0.000000 -0.000000
vn 1.000000 0.000000 -0.000000
vn 1.000000 0.000000 -0.000000
vn 1.000000 0.000000 -0.000000
vn -0.000000 0.000000 1.000000
vn -0.000000 0.000000 1.000000
vn -0.000000 0.000000 1.000000
vn 0.707107 0.707106 -0.000000
vn 0.707107 0.707106 -0.000000
vn 0.707107 0.707106 -0.000000
vn 0.707107 0.707106 -0.000000
vn -0.000000 1.000000 -0.000000
vn -0.000000 1.000000 -0.000000
vn -0.000000 1.000000 -0.000000
vn -0.000000 1.000000 -0.000000
vn -0.707107 0.707107 -0.000000
vn -0.707107 0.707107 -0.000000
vn -0.707107 0.707107 -0.000000
vn -0.707107 0.707107 -0.000000
vn -1.000000 0.000000 0.000000
vn -1.000000 0.000000 0.000000
vn -1.000000 0.000000 0.000000
vn -1.000000 0.000000 0.000000
vn -0.707106 -0.707108 0.000000
vn -0.707106 -0.707108 0.000000
vn -0.707106 -0.707108 0.000000
vn -0.707106 -0.707108 0.000000
vn 0.000000 -1.000000 0.000000
vn 0.000000 -1.000000 0.000000
vn 0.000000 -1.000000 0.000000
vn 0.000000 -1.000000 0.000000
vn -1.000000 -0.000000 0.000000
vn -1.000000 -0.000000 0.000000
vn -1.000000 -0.000000 0.000000
vn -1.000000 -0.000000 0.000000
vn -1.000000 -0.000000 0.000000
vn -0.000000 0.982448 -0.186536
vn -0.000000 0.982448 -0.186536
vn -0.000000 0.982448 -0.186536
vn -0.000000 0.982448 -0.186536
vn 1.000000 -0.000000 0.000000
vn 1.000000 -0.000000 0.000000
vn 1.000000 -0.000000 0.000000
vn 1.000000 -0.000000 0.000000
vn -1.000000 0.000000 -0.000000
vn -1.000000 0.000000 -0.000000
vn -1.000000 0.000000 -0.000000
vn -1.000000 0.000000 -0.000000
vn -0.000001 0.414546 -0.910028
vn -0.000001 0.414546 -0.910028
vn -0.000001 0.414546 -0.910028
vn -0.000001 0.414546 -0.910028
vn -0.721121 0.489523 -0.490256
vn -0.721121 0.489523 -0.490256
vn -0.721121 0.489523 -0.490256
vn -0.721121 0.489523 -0.490256
vn 0.707696 0.292265 -0.643232
vn 0.707696 0.292265 -0.643232
vn 0.707696 0.292265 -0.643232
vn 0.707696 0.292265 -0.643232
vn -1.000000 -0.000000 0.000000
vn -1.000000 -0.000000 0.000000
vn -1.000000 -0.000000 0.000000
vn -1.000000 -0.000000 0.000000
vn -1.000000 -0.000000 0.000000
vn -0.000000 -0.000001 -1.000000
vn -0.000000 -0.000001 -1.000000
vn -0.000000 -0.000001 -1.000000
vn -0.000000 -0.000001 -1.000000
vn 1.000000 0.000000 -0.000000
vn 1.000000 0.000000 -0.000000
vn 1.000000 0.000000 -0.000000
vn 1.000000 0.000000 -0.000000
vn 0.000000 -0.251330 0.967901
vn 0.000000 -0.251330 0.967901
vn 0.000000 -0.251330 0.967901
vn 0.000000 -0.251330 0.967901
vn 0.000000 -0.012100 0.999927
vn 0.000000 -0.012100 0.999927
vn 0.000000 -0.012100 0.999927
vn 0.000000 -0.012100 0.999927
vn 1.000000 0.000000 -0.000000
vn 1.000000 0.000000 -0.000000
vn 1.000000 0.000000 -0.000000
vn 1.000000 0.000000 -0.000000
vn -0.000001 0.000001 -1.000000
vn -0.000001 0.000001 -1.000000
vn -0.000001 0.000001 -1.000000
vn -0.000001 0.000001 -1.000000
vn -1.000000 -0.000000 0.000000
vn -1.000000 -0.000000 0.000000
vn 1.000000 0.000000 -0.000000
vn 1.000000 0.000000 -0.000000
vn 1.000000 0.000000 -0.000000
vn 1.000000 0.000000 -0.000000
vn -0.000000 0.000000 -1.000000
vn -0.000000 0.000000 -1.000000
vn -0.000000 0.000000 -1.000000
vn -0.000000 0.000000 -1.000000
vn 0.000000 -0.464323 0.885666
vn 0.000000 -0.464323 0.885666
vn 0.000000 -0.464323 0.885666
vn 0.000000 -0.464323 0.885666
vn 0.949598 -0.313023 -0.016744
vn 0.949598 -0.313023 -0.016744
vn 0.949598 -0.313023 -0.016744
vn 0.949598 -0.313023 -0.016744
vn -0.949598 -0.313023 -0.016744
vn -0.949598 -0.313023 -0.016744
vn -0.949598 -0.313023 -0.016744
vn -0.949598 -0.313023 -0.016744
vn 0.999999 0.000453 -0.000923
vn 0.999999 0.000453 -0.000923
vn 0.999999 0.000453 -0.000923
vn 0.999999 0.000453 -0.000923
vn -1.000000 0.000000 0.000000
vn -1.000000 0.000000 0.000000
vn -1.000000 0.000000 0.000000
vn -0.000000 -0.625592 -0.780151
vn -0.000000 -0.625592 -0.780151
vn -0.000000 -0.625592 -0.780151
vn -0.000000 -0.625592 -0.780151
vn -0.000000 -0.989924 -0.141598
vn -0.000000 -0.989924 -0.141598
vn -0.000000 -0.989924 -0.141598
vn -0.000000 -0.989924 -0.141598
vn -0.000000 0.151390 0.988474
vn -0.000000 0.151390 0.988474
vn -0.000000 0.151390 0.988474
vn -0.000000 0.151390 0.988474
vn 0.000000 -0.455348 0.890314
vn 0.000000 -0.455348 0.890314
vn 0.000000 -0.455348 0.890314
vn 0.000000 -0.455348 0.890314
vn -0.000000 -0.498497 -0.866891
vn -0.000000 -0.498497 -0.866891
vn -0.000000 -0.498497 -0.866891
vn -0.000000 -0.498497 -0.866891
vn 0.962078 -0.268721 -0.046839
vn 0.962078 -0.268721 -0.046839
vn 0.962078 -0.268721 -0.046839
vn 0.962078 -0.268721 -0.046839
vn -0.000000 -0.609154 0.793052
vn -0.000000 -0.609154 0.793052
vn -0.000000 -0.609154 0.793052
vn -0.000000 -0.609154 0.793052
vn 0.972132 -0.216223 -0.090595
vn 0.972132 -0.216223 -0.090595
vn 0.972132 -0.216223 -0.090595
vn 0.972132 -0.216223 -0.090595
vn -0.000001 -0.149186 0.988809
vn -0.000001 -0.149186 0.988809
vn -0.000001 -0.149186 0.988809
vn -0.000001 -0.149186 0.988809
vn -0.972132 -0.216223 -0.090596
vn -0.972132 -0.216223 -0.090596
vn -0.972132 -0.216223 -0.090596
vn -0.972132 -0.216223 -0.090596
vn -0.962078 -0.268722 -0.046839
vn -0.962078 -0.268722 -0.046839
vn -0.962078 -0.268722 -0.046839
vn -0.962078 -0.268722 -0.046839
vn -0.000001 -0.224797 0.974406
vn -0.000001 -0.224797 0.974406
vn -0.000001 -0.224797 0.974406
vn -0.000001 -0.224797 0.974406
vn -0.991206 -0.088791 -0.098112
vn -0.991206 -0.088791 -0.098112
vn -0.991206 -0.088791 -0.098112
vn -0.991206 -0.088791 -0.098112
vn 0.000000 0.229302 -0.973355
vn 0.000000 0.229302 -0.973355
vn 0.000000 0.229302 -0.973355
vn 0.000000 0.229302 -0.973355
vn -0.000000 -0.082010 -0.996632
vn -0.000000 -0.082010 -0.996632
vn -0.000000 -0.082010 -0.996632
vn -0.000000 -0.082010 -0.996632
vn -0.000000 0.713497 -0.700658
vn -0.000000 0.713497 -0.700658
vn -0.000000 0.713497 -0.700658
vn -0.000000 0.713497 -0.700658
vn 0.997739 0.019814 -0.064225
vn 0.997739 0.019814 -0.064225
vn 0.997739 0.019814 -0.064225
vn 0.997739 0.019814 -0.064225
vn 0.000000 -0.784569 0.620041
vn 0.000000 -0.784569 0.620041
vn 0.000000 -0.784569 0.620041
vn 0.000000 -0.784569 0.620041
vn 0.991206 -0.088791 -0.098112
vn 0.991206 -0.088791 -0.098112
vn 0.991206 -0.088791 -0.098112
vn 0.991206 -0.088791 -0.098112
vn -0.000000 -0.923268 0.384157
vn -0.000000 -0.923268 0.384157
vn -0.000000 -0.923268 0.384157
vn -0.000000 -0.923268 0.384157
vn -0.998864 0.044769 0.016307
vn -0.998864 0.044769 0.016307
vn -0.998864 0.044769 0.016307
vn -0.998864 0.044769 0.016307
vn 0.000000 0.957164 -0.289545
vn 0.000000 0.957164 -0.289545
vn 0.000000 0.957164 -0.289545
vn 0.000000 0.957164 -0.289545
vn -0.997739 0.019814 -0.064225
vn -0.997739 0.019814 -0.064225
vn -0.997739 0.019814 -0.064225
vn -0.997739 0.019814 -0.064225
vn -0.999876 0.004554 0.015083
vn -0.999876 0.004554 0.015083
vn -0.999876 0.004554 0.015083
vn -0.999876 0.004554 0.015083
vn 0.000001 0.988308 -0.152473
vn 0.000001 0.988308 -0.152473
vn 0.000001 0.988308 -0.152473
vn 0.000001 0.988308 -0.152473
vn 0.999876 0.004553 0.015083
vn 0.999876 0.004553 0.015083
vn 0.999876 0.004553 0.015083
vn 0.999876 0.004553 0.015083
vn 0.998864 0.044768 0.016308
vn 0.998864 0.044768 0.016308
vn 0.998864 0.044768 0.016308
vn 0.998864 0.044768 0.016308
vn 0.000000 0.995692 0.092724
vn 0.000000 0.995692 0.092724
vn 0.000000 0.995692 0.092724
vn 0.000000 0.995692 0.092724
vn 0.999496 0.009920 -0.030150
vn 0.999496 0.009920 -0.030150
vn 0.999496 0.009920 -0.030150
vn 0.999496 0.009920 -0.030150
vn 0.000000 -0.995350 -0.096326
vn 0.000000 -0.995350 -0.096326
vn 0.000000 -0.995350 -0.096326
vn 0.000000 -0.995350 -0.096326
vn 0.000000 -0.989837 0.142204
vn 0.000000 -0.989837 0.142204
vn 0.000000 -0.989837 0.142204
vn 0.000000 -0.989837 0.142204
vn 0.000000 -0.955322 -0.295568
vn 0.000000 -0.955322 -0.295568
vn 0.000000 -0.955322 -0.295568
vn 0.000000 -0.955322 -0.295568
vn -0.997730 0.048650 -0.046561
vn -0.997730 0.048650 -0.046561
vn -0.997730 0.048650 -0.046561
vn -0.997730 0.048650 -0.046561
vn 0.000000 0.939752 0.341857
vn 0.000000 0.939752 0.341857
vn 0.000000 0.939752 0.341857
vn 0.000000 0.939752 0.341857
vn -0.999496 0.009920 -0.030150
vn -0.999496 0.009920 -0.030150
vn -0.999496 0.009920 -0.030150
vn -0.999496 0.009920 -0.030150
vn 0.000001 0.859774 0.510674
vn 0.000001 0.859774 0.510674
vn 0.000001 0.859774 0.510674
vn 0.000001 0.859774 0.510674
vn 0.995511 -0.000992 0.094636
vn 0.995511 -0.000992 0.094636
vn 0.995511 -0.000992 0.094636
vn 0.995511 -0.000992 0.094636
vn 0.000000 -0.825904 -0.563811
vn 0.000000 -0.825904 -0.563811
vn 0.000000 -0.825904 -0.563811
vn 0.000000 -0.825904 -0.563811
vn 0.997730 0.048650 -0.046561
vn 0.997730 0.048650 -0.046561
vn 0.997730 0.048650 -0.046561
vn 0.997730 0.048650 -0.046561
vn 0.000001 0.566018 0.824393
vn 0.000001 0.566018 0.824393
vn 0.000001 0.566018 0.824393
vn 0.000001 0.566018 0.824393
vn 0.968074 -0.198777 0.152709
vn 0.968074 -0.198777 0.152709
vn 0.968074 -0.198777 0.152709
vn 0.968074 -0.198777 0.152709
vn -0.000000 -0.658153 -0.752885
vn -0.000000 -0.658153 -0.752885
vn -0.000000 -0.658153 -0.752885
vn -0.000000 -0.658153 -0.752885
vn -0.995511 -0.000992 0.094636
vn -0.995511 -0.000992 0.094636
vn -0.995511 -0.000992 0.094636
vn -0.995511 -0.000992 0.094636
vn -0.000001 -0.627521 -0.778600
vn -0.000001 -0.627521 -0.778600
vn -0.000001 -0.627521 -0.778600
vn -0.000001 -0.627521 -0.778600
vn -0.972103 -0.206810 0.110656
vn -0.972103 -0.206810 0.110656
vn -0.972103 -0.206810 0.110656
vn -0.972103 -0.206810 0.110656
vn 0.000001 0.083576 0.996501
vn 0.000001 0.083576 0.996501
vn 0.000001 0.083576 0.996501
vn 0.000001 0.083576 0.996501
vn 0.972103 -0.206811 0.110656
vn 0.972103 -0.206811 0.110656
vn 0.972103 -0.206811 0.110656
vn 0.972103 -0.206811 0.110656
vn -0.968074 -0.198777 0.152709
vn -0.968074 -0.198777 0.152709
vn -0.968074 -0.198777 0.152709
vn -0.968074 -0.198777 0.152709
vn -0.999999 0.000453 -0.000923
vn -0.999999 0.000453 -0.000923
vn -0.999999 0.000453 -0.000923
vn -0.999999 0.000453 -0.000923
vn 0.000001 -0.182066 0.983286
vn 0.000001 -0.182066 0.983286
vn 0.000001 -0.182066 0.983286
vn 0.000001 -0.182066 0.983286
vn 0.000000 -0.819214 0.573488
vn 0.000000 -0.819214 0.573488
vn 0.000000 -0.819214 0.573488
vn 0.000000 -0.819214 0.573488
vn 0.000000 -0.986282 -0.165069
vn 0.000000 -0.986282 -0.165069
vn 0.000000 -0.986282 -0.165069
vn 0.000000 -0.986282 -0.165069
vn 0.000000 -0.992502 0.122232
vn 0.000000 -0.992502 0.122232
vn 0.000000 -0.992502 0.122232
vn 0.000000 -0.992502 0.122232
vn 0.000000 -0.865809 0.500374
vn 0.000000 -0.865809 0.500374
vn 0.000000 -0.865809 0.500374
vn 0.000000 -0.865809 0.500374
vn -1.000000 -0.000000 0.000000
vn -1.000000 -0.000000 0.000000
vn -1.000000 -0.000000 0.000000
vn -1.000000 -0.000000 0.000000
vn -1.000000 -0.000000 0.000000
vn -1.000000 -0.000000 0.000000
vn -1.000000 -0.000000 0.000000
vn -1.000000 -0.000000 0.000000
vn -0.000000 1.000000 0.000000
vn -0.000000 1.000000 0.000000
vn -0.000000 1.000000 0.000000
vn -0.000000 1.000000 0.000000
vn -0.000000 1.000000 0.000000
vn -0.000000 1.000000 0.000000
vn -0.000000 1.000000 0.000000
vn 1.000000 0.000001 0.000000
vn 1.000000 0.000001 0.000000
vn 1.000000 0.000001 0.000000
vn 1.000000 0.000001 0.000000
vn 1.000000 0.000000 -0.000000
vn 1.000000 0.000000 -0.000000
vn 1.000000 0.000000 -0.000000
vn 1.000000 0.000000 -0.000000
vn 1.000000 0.000000 -0.000000
vn 1.000000 0.000000 -0.000000
vn 1.000000 0.000000 -0.000000
vn 1.000000 0.000000 -0.000000
vn -0.000000 1.000000 0.000000
vn -0.000000 1.000000 0.000000
vn -0.000000 1.000000 0.000000
vn -0.000000 1.000000 0.000000
vn -0.000000 0.000000 -1.000000
vn -0.000000 0.000000 -1.000000
vn -0.000000 0.000000 -1.000000
vn -0.000000 0.000000 -1.000000
vn 0.934417 0.356181 0.000000
vn 0.934417 0.356181 0.000000
vn 0.934417 0.356181 0.000000
vn 0.934417 0.356181 0.000000
vn -0.000000 0.000000 1.000000
vn -0.000000 0.000000 1.000000
vn -0.000000 0.000000 1.000000
vn -0.000000 0.000000 1.000000
vn -0.000000 0.000000 1.000000
vn -0.000000 0.000000 1.000000
vn -0.000000 0.000000 1.000000
vn -1.000000 -0.000000 0.000000
vn -1.000000 -0.000000 0.000000
vn -1.000000 -0.000000 0.000000
vn -1.000000 -0.000000 0.000000
vn -0.000006 -0.000000 -1.000000
vn -0.000006 -0.000000 -1.000000
vn -0.000006 -0.000000 -1.000000
vn -0.000006 -0.000000 -1.000000
vn -0.000000 0.000000 -1.000000
vn -0.000000 0.000000 -1.000000
vn -0.000000 0.000000 -1.000000
vn -0.000000 0.000000 -1.000000
vn -0.000000 0.000000 -1.000000
vn -0.000000 0.000000 1.000000
vn -0.000000 0.000000 1.000000
vn 1.000000 0.000000 0.000000
vn 1.000000 0.000000 0.000000
vn 1.000000 0.000000 0.000000
vn 1.000000 0.000000 0.000000
vn -0.000000 0.000000 1.000000
vn -0.000000 0.000000 1.000000
vn -0.000000 0.000000 1.000000
vn -0.000000 0.000000 -1.000000
vn -0.000000 0.000000 -1.000000
vn -0.000000 0.000000 -1.000000
vn -0.000000 1.000000 0.000000
vn -0.000000 1.000000 0.000000
vn -0.000000 1.000000 0.000000
vn -0.000000 1.000000 0.000000
vn -0.955971 0.293462 0.000000
vn -0.955971 0.293462 0.000000
vn -0.955971 0.293462 0.000000
vn -0.955971 0.293462 0.000000
vn -0.000000 1.000000 0.000000
vn -0.000000 1.000000 0.000000
vn -0.000000 1.000000 0.000000
vn -0.000000 1.000000 0.000000
vn -0.000000 -0.082616 -0.996581
vn -0.000000 -0.082616 -0.996581
vn -0.000000 -0.082616 -0.996581
vn -0.000000 -0.082616 -0.996581
vn -0.000000 -0.082616 -0.996581
vn -0.000000 -0.082616 -0.996581
vn 0.632132 0.774858 0.001850
vn 0.632132 0.774858 0.001850
vn 0.632132 0.774858 0.001850
vn 0.632132 0.774858 0.001850
vn -0.632131 0.774859 0.001850
vn -0.632131 0.774859 0.001850
vn -0.632131 0.774859 0.001850
vn -0.632131 0.774859 0.001850
vn 0.631505 0.775371 0.000000
vn 0.631505 0.775371 0.000000
vn 0.631505 0.775371 0.000000
vn 0.631505 0.775371 0.000000
vn -0.631505 0.775372 0.000000
vn -0.631505 0.775372 0.000000
vn -0.631505 0.775372 0.000000
vn -0.631505 0.775372 0.000000
vn -0.576080 0.764874 -0.288268
vn -0.576080 0.764874 -0.288268
vn -0.576080 0.764874 -0.288268
vn -0.576080 0.764874 -0.288268
vn 0.576082 0.764873 -0.288268
vn 0.576082 0.764873 -0.288268
vn 0.576082 0.764873 -0.288268
vn 0.576082 0.764873 -0.288268
vn 0.712501 0.642700 -0.281565
vn 0.712501 0.642700 -0.281565
vn 0.712501 0.642700 -0.281565
vn 0.712501 0.642700 -0.281565
vn 0.721122 0.489523 -0.490255
vn 0.721122 0.489523 -0.490255
vn 0.721122 0.489523 -0.490255
vn 0.721122 0.489523 -0.490255
vn -0.707695 0.292266 -0.643233
vn -0.707695 0.292266 -0.643233
vn -0.707695 0.292266 -0.643233
vn -0.707695 0.292266 -0.643233
vn -0.702289 0.677957 -0.217176
vn -0.702289 0.677957 -0.217176
vn -0.702289 0.677957 -0.217176
vn -0.702289 0.677957 -0.217176
vn 0.702289 0.677957 -0.217176
vn 0.702289 0.677957 -0.217176
vn 0.702289 0.677957 -0.217176
vn 0.702289 0.677957 -0.217176
vn -0.712501 0.642700 -0.281564
vn -0.712501 0.642700 -0.281564
vn -0.712501 0.642700 -0.281564
vn -0.712501 0.642700 -0.281564
vn -1.000000 -0.000000 0.000000
vn -1.000000 -0.000000 0.000000
vn -1.000000 -0.000000 0.000000
vn 1.000000 0.000000 0.000000
vn 1.000000 0.000000 0.000000
vn 1.000000 0.000000 0.000000
vn 1.000000 0.000000 0.000000
vn 1.000000 0.000000 0.000000
vn 1.000000 0.000000 0.000000
vn 1.000000 0.000000 0.000000
vn 0.000000 -1.000000 0.000000
vn 0.000000 -1.000000 0.000000
vn 0.000000 -1.000000 0.000000
vn 0.000000 -1.000000 0.000000
vn -0.000000 0.859728 -0.510752
vn -0.000000 0.859728 -0.510752
vn -0.000000 0.859728 -0.510752
vn -0.000000 0.859728 -0.510752
vn 1.000000 0.000000 0.000000
vn 1.000000 0.000000 0.000000
vn 0.000000 -1.000000 0.000000
vn 0.000000 -1.000000 0.000000
vn 0.000000 -1.000000 0.000000
vn 0.000000 -1.000000 0.000000
vn 0.000000 -1.000000 0.000000
vn 0.000000 -1.000000 0.000000
vn -1.000000 -0.000000 0.000000
vn -1.000000 -0.000000 0.000000
vn -0.000000 0.859728 0.510752
vn -0.000000 0.859728 0.510752
vn -0.000000 0.859728 0.510752
vn -0.000000 0.859728 0.510752
vn -0.000000 0.982448 0.186537
vn -0.000000 0.982448 0.186537
vn -0.000000 0.982448 0.186537
vn -0.000000 0.982448 0.186537
vn 1.000000 0.000000 0.000000
vn -0.000000 0.000000 -1.000000
vn -0.000000 0.000000 -1.000000
vn -0.000000 0.000000 -1.000000
vn -0.000000 0.000000 -1.000000
vn -0.000000 0.000000 1.000000
vn -0.000000 0.000000 1.000000
vn -0.000000 0.000000 1.000000
vn -0.000000 0.000000 1.000000
vn 1.000000 0.000000 0.000000
vn 1.000000 0.000000 0.000000
vn 1.000000 0.000000 0.000000
vn -0.000001 0.715030 -0.699094
vn -0.000001 0.715030 -0.699094
vn -0.000001 0.715030 -0.699094
vn -0.000001 0.715030 -0.699094
vn -1.000000 -0.000000 -0.000000
vn -1.000000 -0.000000 -0.000000
vn -1.000000 -0.000000 -0.000000
vn -1.000000 -0.000000 -0.000000
vn -0.000000 0.915957 -0.401277
vn -0.000000 0.915957 -0.401277
vn -0.000000 0.915957 -0.401277
vn -0.000000 0.915957 -0.401277
vn -1.000000 0.000000 0.000000
vn -1.000000 0.000000 0.000000
vn -1.000000 0.000000 0.000000
vn -1.000000 0.000000 0.000000
vn -1.000000 -0.000000 0.000000
vn -1.000000 -0.000000 0.000000
vn -1.000000 -0.000000 0.000000
vn -0.000000 0.000000 -1.000000
vn -0.000000 0.000000 -1.000000
vn -0.000000 0.000000 -1.000000
vn -0.000000 0.000000 -1.000000
vn 1.000000 0.000000 -0.000000
vn 1.000000 0.000000 -0.000000
vn 1.000000 0.000000 -0.000000
vn 1.000000 0.000000 -0.000000
vn 1.000000 -0.000000 -0.000000
vn 1.000000 -0.000000 -0.000000
vn 1.000000 -0.000000 -0.000000
vn 1.000000 -0.000000 -0.000000
vn 0.000000 -0.006140 0.999981
vn 0.000000 -0.006140 0.999981
vn 0.000000 -0.006140 0.999981
vn 0.000000 -0.006140 0.999981
vn -1.000000 0.000000 0.000000
vn -1.000000 0.000000 0.000000
vn -1.000000 0.000000 0.000000
vn -1.000000 0.000000 0.000000
vn 1.000000 0.000000 -0.000000
vn 1.000000 0.000000 -0.000000
vn 1.000000 0.000000 -0.000000
vn 1.000000 0.000000 -0.000000
vn 0.000000 -0.480191 0.877164
vn 0.000000 -0.480191 0.877164
vn 0.000000 -0.480191 0.877164
vn 0.000000 -0.480191 0.877164
vn 1.000000 0.000000 0.000000
vn 1.000000 0.000000 0.000000
vn 1.000000 0.000000 0.000000
vn 1.000000 0.000000 0.000000
vn -0.000000 1.000000 0.000000
vn -0.000000 1.000000 0.000000
vn -0.000000 1.000000 0.000000
vn 0.000000 -1.000000 0.000000
vn 0.000000 -1.000000 0.000000
vn 0.000000 -1.000000 0.000000
vn 0.000000 -1.000000 0.000000
vn -1.000000 -0.000000 0.000000
vn -1.000000 -0.000000 0.000000
vn -1.000000 -0.000000 0.000000
vn -1.000000 -0.000000 0.000000
vn -1.000000 -0.000000 0.000000
vn -1.000000 -0.000000 0.000000
vn -0.000000 0.999998 0.002069
vn -0.000000 0.999998 0.002069
vn -0.000000 0.999998 0.002069
vn -0.000000 0.999998 0.002069
vn -0.000000 0.039346 0.999226
vn -0.000000 0.039346 0.999226
vn -0.000000 0.039346 0.999226
vn -0.000000 0.039346 0.999226
vn -0.000000 0.039346 0.999226
vn -0.000000 0.039346 0.999226
vn -1.000000 -0.000000 0.000000
vn -1.000000 -0.000000 0.000000
vn 1.000000 0.000000 0.000000
vn 1.000000 0.000000 0.000000
vn 1.000000 0.000000 0.000000
vn 0.000000 -0.911391 -0.411541
vn 0.000000 -0.911391 -0.411541
vn 0.000000 -0.911391 -0.411541
vn 0.000000 -0.911391 -0.411541
vn -0.000000 1.000000 0.000000
vn -0.000000 1.000000 0.000000
vn -0.000000 1.000000 0.000000
vn -0.000000 1.000000 0.000000
vn -0.000000 0.000000 1.000000
vn -0.000000 0.000000 1.000000
vn -0.000000 0.000000 1.000000
vn -0.000000 0.000000 1.000000
vn -0.000000 0.000000 1.000000
vn -0.000000 0.000000 1.000000
vn -1.000000 -0.000000 -0.000000
vn -1.000000 -0.000000 -0.000000
vn -1.000000 -0.000000 -0.000000
vn 1.000000 0.000000 0.000000
vn 1.000000 0.000000 0.000000
vn 1.000000 0.000000 0.000000
vn 1.000000 0.000000 0.000000
vn -0.969113 -0.216398 0.118285
vn -0.969113 -0.216398 0.118285
vn -0.969113 -0.216398 0.118285
vn -0.969113 -0.216398 0.118285
vn 1.000000 0.000000 -0.000000
vn 1.000000 0.000000 -0.000000
vn 1.000000 0.000000 -0.000000
vn -1.000000 0.000768 0.000394
vn -1.000000 0.000768 0.000394
vn -1.000000 0.000768 0.000394
vn -1.000000 0.000768 0.000394
vn 1.000000 -0.000000 0.000000
vn 1.000000 -0.000000 0.000000
vn 1.000000 -0.000000 0.000000
vn 1.000000 -0.000000 0.000000
vn 0.969113 -0.216398 0.118285
vn 0.969113 -0.216398 0.118285
vn 0.969113 -0.216398 0.118285
vn 0.969113 -0.216398 0.118285
vn 1.000000 0.000768 0.000394
vn 1.000000 0.000768 0.000394
vn 1.000000 0.000768 0.000394
vn 1.000000 0.000768 0.000394
vn 1.000000 0.000000 0.000000
vn 1.000000 0.000000 0.000000
vn 1.000000 0.000000 0.000000
vn 1.000000 0.000000 0.000000
vn -0.000000 0.948171 -0.317760
vn -0.000000 0.948171 -0.317760
vn -0.000000 0.948171 -0.317760
vn -0.000000 0.948171 -0.317760
vn -0.000000 0.929763 -0.368157
vn -0.000000 0.929763 -0.368157
vn -0.000000 0.929763 -0.368157
vn -0.000000 0.929763 -0.368157
vn -1.000000 0.000000 0.000000
vn -1.000000 0.000000 0.000000
vn -1.000000 0.000000 0.000000
vn -1.000000 0.000000 0.000000
vn -1.000000 0.000000 0.000000
vn -1.000000 -0.000000 0.000000
vn -1.000000 -0.000000 0.000000
vn -1.000000 -0.000000 0.000000
vn -1.000000 -0.000000 0.000000
vn 1.000000 0.000000 -0.000000
vn 1.000000 0.000000 -0.000000
vn 1.000000 0.000000 -0.000000
vn 1.000000 0.000000 -0.000000
vn 1.000000 0.000000 -0.000000
vn -0.000000 -0.999252 -0.038671
vn -0.000000 -0.999252 -0.038671
vn -0.000000 -0.999252 -0.038671
vn -0.000000 -0.999252 -0.038671
vn -0.000000 -0.513413 -0.858141
vn -0.000000 -0.513413 -0.858141
vn -0.000000 -0.513413 -0.858141
vn -0.000000 -0.513413 -0.858141
vn -0.000000 -0.105775 -0.994390
vn -0.000000 -0.105775 -0.994390
vn -0.000000 -0.105775 -0.994390
vn -0.000000 -0.105775 -0.994390
vn 0.998925 -0.004250 0.046159
vn 0.998925 -0.004250 0.046159
vn 0.998925 -0.004250 0.046159
vn 0.998925 -0.004250 0.046159
vn 0.998954 0.008837 -0.044875
vn 0.998954 0.008837 -0.044875
vn 0.998954 0.008837 -0.044875
vn 0.998954 0.008837 -0.044875
vn 0.999098 0.005326 -0.042126
vn 0.999098 0.005326 -0.042126
vn 0.999098 0.005326 -0.042126
vn 0.999098 0.005326 -0.042126
vn 0.999098 -0.003166 0.042349
vn 0.999098 -0.003166 0.042349
vn 0.999098 -0.003166 0.042349
vn 0.999098 -0.003166 0.042349
vn -0.998954 0.008837 -0.044875
vn -0.998954 0.008837 -0.044875
vn -0.998954 0.008837 -0.044875
vn -0.998954 0.008837 -0.044875
vn -0.998925 -0.004250 0.046158
vn -0.998925 -0.004250 0.046158
vn -0.998925 -0.004250 0.046158
vn -0.998925 -0.004250 0.046158
vn -0.999098 -0.003165 0.042349
vn -0.999098 -0.003165 0.042349
vn -0.999098 -0.003165 0.042349
vn -0.999098 -0.003165 0.042349
vn -0.999098 0.005326 -0.042126
vn -0.999098 0.005326 -0.042126
vn -0.999098 0.005326 -0.042126
vn -0.999098 0.005326 -0.042126
vn -0.000000 0.256232 -0.966615
vn -0.000000 0.256232 -0.966615
vn -0.000000 0.256232 -0.966615
vn -0.000000 0.256232 -0.966615
vn -0.000000 0.157376 -0.987539
vn -0.000000 0.157376 -0.987539
vn -0.000000 0.157376 -0.987539
vn -0.000000 0.157376 -0.987539
vn 0.933893 0.054199 -0.353422
vn 0.933893 0.054199 -0.353422
vn 0.933893 0.054199 -0.353422
vn 0.933893 0.054199 -0.353422
vn 0.924952 0.093072 -0.368513
vn 0.924952 0.093072 -0.368513
vn 0.924952 0.093072 -0.368513
vn 0.924952 0.093072 -0.368513
vn 0.000000 -0.035958 0.999353
vn 0.000000 -0.035958 0.999353
vn 0.000000 -0.035958 0.999353
vn 0.000000 -0.035958 0.999353
vn 0.000000 -0.179385 0.983779
vn 0.000000 -0.179385 0.983779
vn 0.000000 -0.179385 0.983779
vn 0.000000 -0.179385 0.983779
vn 0.874322 -0.095948 0.475769
vn 0.874322 -0.095948 0.475769
vn 0.874322 -0.095948 0.475769
vn 0.874322 -0.095948 0.475769
vn 0.897576 -0.029818 0.439850
vn 0.897576 -0.029818 0.439850
vn 0.897576 -0.029818 0.439850
vn 0.897576 -0.029818 0.439850
vn 0.000000 -0.364118 0.931353
vn 0.000000 -0.364118 0.931353
vn 0.000000 -0.364118 0.931353
vn 0.000000 -0.364118 0.931353
vn 0.000000 -0.464452 0.885598
vn 0.000000 -0.464452 0.885598
vn 0.000000 -0.464452 0.885598
vn 0.000000 -0.464452 0.885598
vn 0.848009 -0.236059 0.474507
vn 0.848009 -0.236059 0.474507
vn 0.848009 -0.236059 0.474507
vn 0.848009 -0.236059 0.474507
vn 0.858623 -0.182026 0.479201
vn 0.858623 -0.182026 0.479201
vn 0.858623 -0.182026 0.479201
vn 0.858623 -0.182026 0.479201
vn 0.000000 -0.544394 0.838830
vn 0.000000 -0.544394 0.838830
vn 0.000000 -0.544394 0.838830
vn 0.000000 -0.544394 0.838830
vn 0.000000 -0.146593 0.989197
vn 0.000000 -0.146593 0.989197
vn 0.000000 -0.146593 0.989197
vn 0.000000 -0.146593 0.989197
vn 0.794758 -0.023902 0.606456
vn 0.794758 -0.023902 0.606456
vn 0.794758 -0.023902 0.606456
vn 0.794758 -0.023902 0.606456
vn 0.842409 -0.280654 0.459979
vn 0.842409 -0.280654 0.459979
vn 0.842409 -0.280654 0.459979
vn 0.842409 -0.280654 0.459979
vn 0.000000 -0.999247 -0.038805
vn 0.000000 -0.999247 -0.038805
vn 0.000000 -0.999247 -0.038805
vn 0.000000 -0.999247 -0.038805
vn 0.000000 -0.997478 0.070974
vn 0.000000 -0.997478 0.070974
vn 0.000000 -0.997478 0.070974
vn 0.000000 -0.997478 0.070974
vn 0.404195 -0.911690 0.073804
vn 0.404195 -0.911690 0.073804
vn 0.404195 -0.911690 0.073804
vn 0.404195 -0.911690 0.073804
vn 0.405028 -0.913233 -0.044255
vn 0.405028 -0.913233 -0.044255
vn 0.405028 -0.913233 -0.044255
vn 0.405028 -0.913233 -0.044255
vn -0.000000 0.913985 -0.405747
vn -0.000000 0.913985 -0.405747
vn -0.000000 0.913985 -0.405747
vn -0.000000 0.913985 -0.405747
vn -0.000000 0.624447 -0.781067
vn -0.000000 0.624447 -0.781067
vn -0.000000 0.624447 -0.781067
vn -0.000000 0.624447 -0.781067
vn 0.827247 0.372093 -0.420962
vn 0.827247 0.372093 -0.420962
vn 0.827247 0.372093 -0.420962
vn 0.827247 0.372093 -0.420962
vn 0.847639 0.506807 -0.157017
vn 0.847639 0.506807 -0.157017
vn 0.847639 0.506807 -0.157017
vn 0.847639 0.506807 -0.157017
vn -0.000000 0.587595 -0.809155
vn -0.000000 0.587595 -0.809155
vn -0.000000 0.587595 -0.809155
vn -0.000000 0.587595 -0.809155
vn -0.000000 0.557778 -0.829990
vn -0.000000 0.557778 -0.829990
vn -0.000000 0.557778 -0.829990
vn -0.000000 0.557778 -0.829990
vn 0.862941 0.296757 -0.408984
vn 0.862941 0.296757 -0.408984
vn 0.862941 0.296757 -0.408984
vn 0.862941 0.296757 -0.408984
vn 0.841610 0.339369 -0.420145
vn 0.841610 0.339369 -0.420145
vn 0.841610 0.339369 -0.420145
vn 0.841610 0.339369 -0.420145
vn 0.000000 -0.938416 0.345506
vn 0.000000 -0.938416 0.345506
vn 0.000000 -0.938416 0.345506
vn 0.000000 -0.938416 0.345506
vn 0.000000 -0.311757 0.950162
vn 0.000000 -0.311757 0.950162
vn 0.000000 -0.311757 0.950162
vn 0.000000 -0.311757 0.950162
vn 0.928357 -0.104533 0.356687
vn 0.928357 -0.104533 0.356687
vn 0.928357 -0.104533 0.356687
vn 0.928357 -0.104533 0.356687
vn 0.652845 -0.718867 0.238797
vn 0.652845 -0.718867 0.238797
vn 0.652845 -0.718867 0.238797
vn 0.652845 -0.718867 0.238797
vn 0.000000 -0.016228 0.999868
vn 0.000000 -0.016228 0.999868
vn 0.000000 -0.016228 0.999868
vn 0.000000 -0.016228 0.999868
vn -0.000000 0.023524 0.999723
vn -0.000000 0.023524 0.999723
vn -0.000000 0.023524 0.999723
vn -0.000000 0.023524 0.999723
vn 0.919887 -0.000875 0.392182
vn 0.919887 -0.000875 0.392182
vn 0.919887 -0.000875 0.392182
vn 0.919887 -0.000875 0.392182
vn 0.933717 -0.010525 0.357857
vn 0.933717 -0.010525 0.357857
vn 0.933717 -0.010525 0.357857
vn 0.933717 -0.010525 0.357857
vn -0.000000 0.530864 -0.847457
vn -0.000000 0.530864 -0.847457
vn -0.000000 0.530864 -0.847457
vn -0.000000 0.530864 -0.847457
vn -0.000000 0.411064 -0.911607
vn -0.000000 0.411064 -0.911607
vn -0.000000 0.411064 -0.911607
vn -0.000000 0.411064 -0.911607
vn 0.909608 0.164070 -0.381700
vn 0.909608 0.164070 -0.381700
vn 0.909608 0.164070 -0.381700
vn 0.909608 0.164070 -0.381700
vn 0.887716 0.243729 -0.390585
vn 0.887716 0.243729 -0.390585
vn 0.887716 0.243729 -0.390585
vn 0.887716 0.243729 -0.390585
vn -0.000000 0.439327 0.898327
vn -0.000000 0.439327 0.898327
vn -0.000000 0.439327 0.898327
vn -0.000000 0.439327 0.898327
vn -0.000000 0.748307 0.663353
vn -0.000000 0.748307 0.663353
vn -0.000000 0.748307 0.663353
vn -0.000000 0.748307 0.663353
vn 0.760837 0.524800 0.381723
vn 0.760837 0.524800 0.381723
vn 0.760837 0.524800 0.381723
vn 0.760837 0.524800 0.381723
vn 0.676657 0.336999 0.654651
vn 0.676657 0.336999 0.654651
vn 0.676657 0.336999 0.654651
vn 0.676657 0.336999 0.654651
vn 0.000000 -0.102524 -0.994730
vn 0.000000 -0.102524 -0.994730
vn 0.000000 -0.102524 -0.994730
vn 0.000000 -0.102524 -0.994730
vn 0.000000 -0.946706 -0.322098
vn 0.000000 -0.946706 -0.322098
vn 0.000000 -0.946706 -0.322098
vn 0.000000 -0.946706 -0.322098
vn 0.660978 -0.718096 -0.217822
vn 0.660978 -0.718096 -0.217822
vn 0.660978 -0.718096 -0.217822
vn 0.660978 -0.718096 -0.217822
vn 0.932745 -0.029623 -0.359319
vn 0.932745 -0.029623 -0.359319
vn 0.932745 -0.029623 -0.359319
vn 0.932745 -0.029623 -0.359319
vn 0.997852 -0.010175 0.064706
vn 0.997852 -0.010175 0.064706
vn 0.997852 -0.010175 0.064706
vn 0.997852 -0.010175 0.064706
vn 0.998031 -0.007514 0.062271
vn 0.998031 -0.007514 0.062271
vn 0.998031 -0.007514 0.062271
vn 0.998031 -0.007514 0.062271
vn 0.996029 0.073222 -0.050647
vn 0.996029 0.073222 -0.050647
vn 0.996029 0.073222 -0.050647
vn 0.996029 0.073222 -0.050647
vn 0.997370 0.055578 -0.046529
vn 0.997370 0.055578 -0.046529
vn 0.997370 0.055578 -0.046529
vn 0.997370 0.055578 -0.046529
vn 0.999063 -0.007082 0.042688
vn 0.999063 -0.007082 0.042688
vn 0.999063 -0.007082 0.042688
vn 0.999063 -0.007082 0.042688
vn 0.999086 0.000297 -0.042737
vn 0.999086 0.000297 -0.042737
vn 0.999086 0.000297 -0.042737
vn 0.999086 0.000297 -0.042737
vn 0.939230 -0.340248 -0.045583
vn 0.939230 -0.340248 -0.045583
vn 0.939230 -0.340248 -0.045583
vn 0.939230 -0.340248 -0.045583
vn 0.937845 -0.342361 0.056891
vn 0.937845 -0.342361 0.056891
vn 0.937845 -0.342361 0.056891
vn 0.937845 -0.342361 0.056891
vn 0.998364 -0.006089 0.056850
vn 0.998364 -0.006089 0.056850
vn 0.998364 -0.006089 0.056850
vn 0.998364 -0.006089 0.056850
vn 0.980637 0.083237 0.177265
vn 0.980637 0.083237 0.177265
vn 0.980637 0.083237 0.177265
vn 0.980637 0.083237 0.177265
vn 0.981971 0.185942 0.034039
vn 0.981971 0.185942 0.034039
vn 0.981971 0.185942 0.034039
vn 0.981971 0.185942 0.034039
vn 0.994845 0.084503 -0.056064
vn 0.994845 0.084503 -0.056064
vn 0.994845 0.084503 -0.056064
vn 0.994845 0.084503 -0.056064
vn 0.998624 -0.009587 0.051551
vn 0.998624 -0.009587 0.051551
vn 0.998624 -0.009587 0.051551
vn 0.998624 -0.009587 0.051551
vn 0.998183 -0.012374 0.058975
vn 0.998183 -0.012374 0.058975
vn 0.998183 -0.012374 0.058975
vn 0.998183 -0.012374 0.058975
vn 0.998283 0.032953 -0.048427
vn 0.998283 0.032953 -0.048427
vn 0.998283 0.032953 -0.048427
vn 0.998283 0.032953 -0.048427
vn 0.998699 0.016416 -0.048287
vn 0.998699 0.016416 -0.048287
vn 0.998699 0.016416 -0.048287
vn 0.998699 0.016416 -0.048287
vn -0.933893 0.054199 -0.353422
vn -0.933893 0.054199 -0.353422
vn -0.933893 0.054199 -0.353422
vn -0.933893 0.054199 -0.353422
vn -0.000000 0.157376 -0.987539
vn -0.000000 0.157376 -0.987539
vn -0.000000 0.157376 -0.987539
vn -0.000000 0.157376 -0.987539
vn -0.000000 0.256232 -0.966615
vn -0.000000 0.256232 -0.966615
vn -0.000000 0.256232 -0.966615
vn -0.000000 0.256232 -0.966615
vn -0.924952 0.093072 -0.368513
vn -0.924952 0.093072 -0.368513
vn -0.924952 0.093072 -0.368513
vn -0.924952 0.093072 -0.368513
vn -0.874321 -0.095948 0.475769
vn -0.874321 -0.095948 0.475769
vn -0.874321 -0.095948 0.475769
vn -0.874321 -0.095948 0.475769
vn 0.000000 -0.179385 0.983779
vn 0.000000 -0.179385 0.983779
vn 0.000000 -0.179385 0.983779
vn 0.000000 -0.179385 0.983779
vn 0.000000 -0.035958 0.999353
vn 0.000000 -0.035958 0.999353
vn 0.000000 -0.035958 0.999353
vn 0.000000 -0.035958 0.999353
vn -0.897576 -0.029817 0.439850
vn -0.897576 -0.029817 0.439850
vn -0.897576 -0.029817 0.439850
vn -0.897576 -0.029817 0.439850
vn -0.848009 -0.236059 0.474507
vn -0.848009 -0.236059 0.474507
vn -0.848009 -0.236059 0.474507
vn -0.848009 -0.236059 0.474507
vn 0.000000 -0.464452 0.885598
vn 0.000000 -0.464452 0.885598
vn 0.000000 -0.464452 0.885598
vn 0.000000 -0.464452 0.885598
vn 0.000000 -0.364118 0.931353
vn 0.000000 -0.364118 0.931353
vn 0.000000 -0.364118 0.931353
vn 0.000000 -0.364118 0.931353
vn -0.858623 -0.182026 0.479201
vn -0.858623 -0.182026 0.479201
vn -0.858623 -0.182026 0.479201
vn -0.858623 -0.182026 0.479201
vn -0.794757 -0.023902 0.606457
vn -0.794757 -0.023902 0.606457
vn -0.794757 -0.023902 0.606457
vn -0.794757 -0.023902 0.606457
vn 0.000000 -0.146593 0.989197
vn 0.000000 -0.146593 0.989197
vn 0.000000 -0.146593 0.989197
vn 0.000000 -0.146593 0.989197
vn 0.000000 -0.544394 0.838830
vn 0.000000 -0.544394 0.838830
vn 0.000000 -0.544394 0.838830
vn 0.000000 -0.544394 0.838830
vn -0.842409 -0.280654 0.459979
vn -0.842409 -0.280654 0.459979
vn -0.842409 -0.280654 0.459979
vn -0.842409 -0.280654 0.459979
vn -0.404195 -0.911690 0.073804
vn -0.404195 -0.911690 0.073804
vn -0.404195 -0.911690 0.073804
vn -0.404195 -0.911690 0.073804
vn 0.000000 -0.997478 0.070974
vn 0.000000 -0.997478 0.070974
vn 0.000000 -0.997478 0.070974
vn 0.000000 -0.997478 0.070974
vn 0.000000 -0.999247 -0.038805
vn 0.000000 -0.999247 -0.038805
vn 0.000000 -0.999247 -0.038805
vn 0.000000 -0.999247 -0.038805
vn -0.405027 -0.913233 -0.044255
vn -0.405027 -0.913233 -0.044255
vn -0.405027 -0.913233 -0.044255
vn -0.405027 -0.913233 -0.044255
vn -0.827247 0.372094 -0.420962
vn -0.827247 0.372094 -0.420962
vn -0.827247 0.372094 -0.420962
vn -0.827247 0.372094 -0.420962
vn -0.000000 0.624447 -0.781067
vn -0.000000 0.624447 -0.781067
vn -0.000000 0.624447 -0.781067
vn -0.000000 0.624447 -0.781067
vn -0.000000 0.913985 -0.405748
vn -0.000000 0.913985 -0.405748
vn -0.000000 0.913985 -0.405748
vn -0.000000 0.913985 -0.405748
vn -0.847639 0.506807 -0.157017
vn -0.847639 0.506807 -0.157017
vn -0.847639 0.506807 -0.157017
vn -0.847639 0.506807 -0.157017
vn -0.862942 0.296757 -0.408983
vn -0.862942 0.296757 -0.408983
vn -0.862942 0.296757 -0.408983
vn -0.862942 0.296757 -0.408983
vn -0.000000 0.557778 -0.829990
vn -0.000000 0.557778 -0.829990
vn -0.000000 0.557778 -0.829990
vn -0.000000 0.557778 -0.829990
vn -0.000000 0.587595 -0.809155
vn -0.000000 0.587595 -0.809155
vn -0.000000 0.587595 -0.809155
vn -0.000000 0.587595 -0.809155
vn -0.841609 0.339370 -0.420145
vn -0.841609 0.339370 -0.420145
vn -0.841609 0.339370 -0.420145
vn -0.841609 0.339370 -0.420145
vn -0.928357 -0.104533 0.356687
vn -0.928357 -0.104533 0.356687
vn -0.928357 -0.104533 0.356687
vn -0.928357 -0.104533 0.356687
vn 0.000000 -0.311759 0.950161
vn 0.000000 -0.311759 0.950161
vn 0.000000 -0.311759 0.950161
vn 0.000000 -0.311759 0.950161
vn 0.000000 -0.938417 0.345506
vn 0.000000 -0.938417 0.345506
vn 0.000000 -0.938417 0.345506
vn 0.000000 -0.938417 0.345506
vn -0.652844 -0.718867 0.238797
vn -0.652844 -0.718867 0.238797
vn -0.652844 -0.718867 0.238797
vn -0.652844 -0.718867 0.238797
vn -0.919887 -0.000875 0.392182
vn -0.919887 -0.000875 0.392182
vn -0.919887 -0.000875 0.392182
vn -0.919887 -0.000875 0.392182
vn -0.000000 0.023525 0.999723
vn -0.000000 0.023525 0.999723
vn -0.000000 0.023525 0.999723
vn -0.000000 0.023525 0.999723
vn 0.000000 -0.016227 0.999868
vn 0.000000 -0.016227 0.999868
vn 0.000000 -0.016227 0.999868
vn 0.000000 -0.016227 0.999868
vn -0.933717 -0.010525 0.357857
vn -0.933717 -0.010525 0.357857
vn -0.933717 -0.010525 0.357857
vn -0.933717 -0.010525 0.357857
vn -0.909608 0.164069 -0.381700
vn -0.909608 0.164069 -0.381700
vn -0.909608 0.164069 -0.381700
vn -0.909608 0.164069 -0.381700
vn -0.000000 0.411063 -0.911607
vn -0.000000 0.411063 -0.911607
vn -0.000000 0.411063 -0.911607
vn -0.000000 0.411063 -0.911607
vn -0.000000 0.530864 -0.847457
vn -0.000000 0.530864 -0.847457
vn -0.000000 0.530864 -0.847457
vn -0.000000 0.530864 -0.847457
vn -0.887716 0.243728 -0.390585
vn -0.887716 0.243728 -0.390585
vn -0.887716 0.243728 -0.390585
vn -0.887716 0.243728 -0.390585
vn -0.760837 0.524800 0.381723
vn -0.760837 0.524800 0.381723
vn -0.760837 0.524800 0.381723
vn -0.760837 0.524800 0.381723
vn -0.000000 0.748306 0.663353
vn -0.000000 0.748306 0.663353
vn -0.000000 0.748306 0.663353
vn -0.000000 0.748306 0.663353
vn -0.000000 0.439328 0.898327
vn -0.000000 0.439328 0.898327
vn -0.000000 0.439328 0.898327
vn -0.000000 0.439328 0.898327
vn -0.676656 0.336999 0.654651
vn -0.676656 0.336999 0.654651
vn -0.676656 0.336999 0.654651
vn -0.676656 0.336999 0.654651
vn -0.660978 -0.718095 -0.217823
vn -0.660978 -0.718095 -0.217823
vn -0.660978 -0.718095 -0.217823
vn -0.660978 -0.718095 -0.217823
vn 0.000000 -0.946707 -0.322097
vn 0.000000 -0.946707 -0.322097
vn 0.000000 -0.946707 -0.322097
vn 0.000000 -0.946707 -0.322097
vn 0.000000 -0.102524 -0.994731
vn 0.000000 -0.102524 -0.994731
vn 0.000000 -0.102524 -0.994731
vn 0.000000 -0.102524 -0.994731
vn -0.932745 -0.029623 -0.359319
vn -0.932745 -0.029623 -0.359319
vn -0.932745 -0.029623 -0.359319
vn -0.932745 -0.029623 -0.359319
vn -0.996029 0.073222 -0.050647
vn -0.996029 0.073222 -0.050647
vn -0.996029 0.073222 -0.050647
vn -0.996029 0.073222 -0.050647
vn -0.998031 -0.007514 0.062270
vn -0.998031 -0.007514 0.062270
vn -0.998031 -0.007514 0.062270
vn -0.998031 -0.007514 0.062270
vn -0.997853 -0.010174 0.064706
vn -0.997853 -0.010174 0.064706
vn -0.997853 -0.010174 0.064706
vn -0.997853 -0.010174 0.064706
vn -0.997370 0.055578 -0.046529
vn -0.997370 0.055578 -0.046529
vn -0.997370 0.055578 -0.046529
vn -0.997370 0.055578 -0.046529
vn -0.939231 -0.340247 -0.045583
vn -0.939231 -0.340247 -0.045583
vn -0.939231 -0.340247 -0.045583
vn -0.939231 -0.340247 -0.045583
vn -0.999086 0.000297 -0.042737
vn -0.999086 0.000297 -0.042737
vn -0.999086 0.000297 -0.042737
vn -0.999086 0.000297 -0.042737
vn -0.999063 -0.007082 0.042688
vn -0.999063 -0.007082 0.042688
vn -0.999063 -0.007082 0.042688
vn -0.999063 -0.007082 0.042688
vn -0.937845 -0.342360 0.056891
vn -0.937845 -0.342360 0.056891
vn -0.937845 -0.342360 0.056891
vn -0.937845 -0.342360 0.056891
vn -0.981971 0.185942 0.034039
vn -0.981971 0.185942 0.034039
vn -0.981971 0.185942 0.034039
vn -0.981971 0.185942 0.034039
vn -0.980637 0.083237 0.177264
vn -0.980637 0.083237 0.177264
vn -0.980637 0.083237 0.177264
vn -0.980637 0.083237 0.177264
vn -0.998364 -0.006089 0.056850
vn -0.998364 -0.006089 0.056850
vn -0.998364 -0.006089 0.056850
vn -0.998364 -0.006089 0.056850
vn -0.994845 0.084503 -0.056064
vn -0.994845 0.084503 -0.056064
vn -0.994845 0.084503 -0.056064
vn -0.994845 0.084503 -0.056064
vn -0.998283 0.032953 -0.048427
vn -0.998283 0.032953 -0.048427
vn -0.998283 0.032953 -0.048427
vn -0.998283 0.032953 -0.048427
vn -0.998183 -0.012374 0.058975
vn -0.998183 -0.012374 0.058975
vn -0.998183 -0.012374 0.058975
vn -0.998183 -0.012374 0.058975
vn -0.998624 -0.009587 0.051551
vn -0.998624 -0.009587 0.051551
vn -0.998624 -0.009587 0.051551
vn -0.998624 -0.009587 0.051551
vn -0.998699 0.016416 -0.048287
vn -0.998699 0.016416 -0.048287
vn -0.998699 0.016416 -0.048287
vn -0.998699 0.016416 -0.048287
vn -0.865932 -0.500162 0.000000
vn -0.865932 -0.500162 0.000000
vn -0.865932 -0.500162 0.000000
vn -0.865932 -0.500162 0.000000
vn -0.499932 -0.866065 0.000000
vn -0.499932 -0.866065 0.000000
vn -0.499932 -0.866065 0.000000
vn -0.499932 -0.866065 0.000000
vn 0.000000 -1.000000 0.000001
vn 0.000000 -1.000000 0.000001
vn 0.000000 -1.000000 0.000001
vn 0.000000 -1.000000 0.000001
vn 0.500499 -0.865737 0.000000
vn 0.500499 -0.865737 0.000000
vn 0.500499 -0.865737 0.000000
vn 0.500499 -0.865737 0.000000
vn 0.866585 -0.499029 -0.000000
vn 0.866585 -0.499029 -0.000000
vn 0.866585 -0.499029 -0.000000
vn 0.866585 -0.499029 -0.000000
vn 1.000000 0.000982 -0.000000
vn 1.000000 0.000982 -0.000000
vn 1.000000 0.000982 -0.000000
vn 1.000000 0.000982 -0.000000
vn 0.865604 0.500729 -0.000001
vn 0.865604 0.500729 -0.000001
vn 0.865604 0.500729 -0.000001
vn 0.865604 0.500729 -0.000001
vn 0.499365 0.866392 -0.000002
vn 0.499365 0.866392 -0.000002
vn 0.499365 0.866392 -0.000002
vn 0.499365 0.866392 -0.000002
vn -0.000654 1.000000 -0.000001
vn -0.000654 1.000000 -0.000001
vn -0.000654 1.000000 -0.000001
vn -0.000654 1.000000 -0.000001
vn -0.500499 0.865737 -0.000001
vn -0.500499 0.865737 -0.000001
vn -0.500499 0.865737 -0.000001
vn -0.500499 0.865737 -0.000001
vn -0.866259 0.499596 0.000000
vn -0.866259 0.499596 0.000000
vn -0.866259 0.499596 0.000000
vn -0.866259 0.499596 0.000000
vn -0.000002 -0.000000 -1.000000
vn -0.000002 -0.000000 -1.000000
vn -0.000002 -0.000000 -1.000000
vn 0.000001 0.000000 -1.000000
vn 0.000001 0.000000 -1.000000
vn 0.000001 0.000000 -1.000000
vn -0.000000 0.000007 -1.000000
vn -0.000000 0.000007 -1.000000
vn -0.000000 0.000007 -1.000000
vn -0.000005 0.000001 -1.000000
vn -0.000005 0.000001 -1.000000
vn -0.000005 0.000001 -1.000000
vn -0.000005 -0.000000 -1.000000
vn -0.000005 -0.000000 -1.000000
vn -0.000005 -0.000000 -1.000000
vn -0.000000 0.000000 1.000000
vn -0.000000 0.000000 1.000000
vn -0.000000 0.000000 1.000000
vn 0.000002 -0.000001 1.000000
vn 0.000002 -0.000001 1.000000
vn 0.000002 -0.000001 1.000000
vn 0.000009 0.000001 1.000000
vn 0.000009 0.000001 1.000000
vn 0.000009 0.000001 1.000000
vn -0.000000 0.000000 1.000000
vn -0.000000 0.000000 1.000000
vn -0.000000 0.000000 1.000000
vn -0.000005 -0.000000 1.000000
vn -0.000005 -0.000000 1.000000
vn -0.000005 -0.000000 1.000000
vn 0.000005 0.000000 1.000000
vn 0.000005 0.000000 1.000000
vn 0.000005 0.000000 1.000000
vn -0.001091 0.999999 0.000000
vn -0.001091 0.999999 0.000000
vn -0.001091 0.999999 0.000000
vn -0.001091 0.999999 0.000000
vn 0.866585 -0.499029 -0.000000
vn 0.866585 -0.499029 -0.000000
vn 0.866585 -0.499029 -0.000000
vn 0.866585 -0.499029 -0.000000
vn -0.866585 0.499029 -0.000000
vn -0.866585 0.499029 -0.000000
vn -0.866585 0.499029 -0.000000
vn -0.866585 0.499029 -0.000000
vn 0.865495 0.500918 -0.000000
vn 0.865495 0.500918 -0.000000
vn 0.865495 0.500918 -0.000000
vn 0.865495 0.500918 -0.000000
vn 0.001090 -0.999999 -0.000000
vn 0.001090 -0.999999 -0.000000
vn 0.001090 -0.999999 -0.000000
vn 0.001090 -0.999999 -0.000000
vn -0.000001 -0.000000 -1.000000
vn -0.000001 -0.000000 -1.000000
vn -0.000001 -0.000000 -1.000000
vn -0.000001 -0.000000 -1.000000
vn -0.000000 0.000000 -1.000000
vn -0.000000 0.000000 -1.000000
vn -0.000000 0.000000 -1.000000
vn -0.000000 0.000000 -1.000000
vn -0.000000 0.000000 -1.000000
vn -0.000000 0.000000 -1.000000
vn -0.000000 0.000000 -1.000000
vn -0.000000 0.000000 -1.000000
vn -0.000000 0.000000 -1.000000
vn -0.000001 -0.000000 -1.000000
vn -0.000001 -0.000000 -1.000000
vn -0.000001 -0.000000 -1.000000
vn -0.000001 -0.000000 -1.000000
vn -0.865494 -0.500918 0.000000
vn -0.865494 -0.500918 0.000000
vn -0.865494 -0.500918 0.000000
vn -0.865494 -0.500918 0.000000
vn -0.000000 -0.000000 -1.000000
vn -0.000000 -0.000000 -1.000000
vn -0.000000 -0.000000 -1.000000
vn -0.000000 -0.000000 -1.000000
vn -0.000000 -0.000000 -1.000000
vn -0.000000 -0.000000 -1.000000
vn -0.000000 -0.000000 -1.000000
vn -0.000000 -0.000000 -1.000000
vn -0.000000 -0.000000 -1.000000
vn -0.000000 -0.000000 -1.000000
vn -1.000000 -0.000327 0.000000
vn -1.000000 -0.000327 0.000000
vn -1.000000 -0.000327 0.000000
vn -1.000000 -0.000327 0.000000
vn -0.866476 0.499218 0.000000
vn -0.866476 0.499218 0.000000
vn -0.866476 0.499218 0.000000
vn -0.866476 0.499218 0.000000
vn 0.865604 0.500729 -0.000000
vn 0.865604 0.500729 -0.000000
vn 0.865604 0.500729 -0.000000
vn 0.865604 0.500729 -0.000000
vn -0.865604 -0.500728 0.000000
vn -0.865604 -0.500728 0.000000
vn -0.865604 -0.500728 0.000000
vn -0.865604 -0.500728 0.000000
vn -0.000872 1.000000 -0.000000
vn -0.000872 1.000000 -0.000000
vn -0.000872 1.000000 -0.000000
vn -0.000872 1.000000 -0.000000
vn 0.866477 -0.499218 0.000000
vn 0.866477 -0.499218 0.000000
vn 0.866477 -0.499218 0.000000
vn 0.866477 -0.499218 0.000000
vn -0.000000 0.000000 -1.000000
vn -0.000000 0.000000 -1.000000
vn -0.000000 0.000000 -1.000000
vn -0.000000 0.000000 -1.000000
vn -0.000000 0.000000 -1.000000
vn 0.000002 -0.000002 -1.000000
vn 0.000002 -0.000002 -1.000000
vn 0.000002 -0.000002 -1.000000
vn 0.000002 -0.000002 -1.000000
vn -0.000001 -0.000000 -1.000000
vn -0.000001 -0.000000 -1.000000
vn -0.000001 -0.000000 -1.000000
vn -0.000001 -0.000000 -1.000000
vn 0.000000 -0.000002 -1.000000
vn 0.000000 -0.000002 -1.000000
vn 0.000000 -0.000002 -1.000000
vn 0.000000 -0.000002 -1.000000
vn -0.000001 -0.000000 -1.000000
vn -0.000001 -0.000000 -1.000000
vn -0.000001 -0.000000 -1.000000
vn -0.000001 -0.000000 -1.000000
vn 0.000874 -1.000000 0.000000
vn 0.000874 -1.000000 0.000000
vn 0.000874 -1.000000 0.000000
vn 0.000874 -1.000000 0.000000
vn 0.000001 0.000000 -1.000000
vn 0.000001 0.000000 -1.000000
vn 0.000001 0.000000 -1.000000
vn 0.000001 0.000000 -1.000000
vn -0.865714 -0.500539 0.000000
vn -0.865714 -0.500539 0.000000
vn -0.865714 -0.500539 0.000000
vn -0.865714 -0.500539 0.000000
vn -0.000655 1.000000 -0.000000
vn -0.000655 1.000000 -0.000000
vn -0.000655 1.000000 -0.000000
vn -0.000655 1.000000 -0.000000
vn 0.000655 -1.000000 -0.000000
vn 0.000655 -1.000000 -0.000000
vn 0.000655 -1.000000 -0.000000
vn 0.000655 -1.000000 -0.000000
vn -0.866367 0.499407 0.000000
vn -0.866367 0.499407 0.000000
vn -0.866367 0.499407 0.000000
vn -0.866367 0.499407 0.000000
vn 0.865713 0.500541 -0.000001
vn 0.865713 0.500541 -0.000001
vn 0.865713 0.500541 -0.000001
vn 0.865713 0.500541 -0.000001
vn -0.000004 0.000001 -1.000000
vn -0.000004 0.000001 -1.000000
vn -0.000004 0.000001 -1.000000
vn -0.000004 0.000001 -1.000000
vn 0.000002 0.000000 -1.000000
vn 0.000002 0.000000 -1.000000
vn 0.000002 0.000000 -1.000000
vn 0.000002 0.000000 -1.000000
vn 0.000000 -0.000001 -1.000000
vn 0.000000 -0.000001 -1.000000
vn 0.000000 -0.000001 -1.000000
vn 0.000000 -0.000001 -1.000000
vn -0.000000 0.000000 -1.000000
vn -0.000000 0.000000 -1.000000
vn -0.000000 0.000000 -1.000000
vn -0.000000 0.000000 -1.000000
vn -0.000000 0.000000 -1.000000
vn -0.000000 0.000000 -1.000000
vn -0.000000 0.000000 -1.000000
vn 0.866368 -0.499407 0.000000
vn 0.866368 -0.499407 0.000000
vn 0.866368 -0.499407 0.000000
vn 0.866368 -0.499407 0.000000
vn -0.000000 0.000000 -1.000000
vn -0.000000 0.000000 -1.000000
vn -0.000000 0.000000 -1.000000
vn 0.000436 -1.000000 -0.000000
vn 0.000436 -1.000000 -0.000000
vn 0.000436 -1.000000 -0.000000
vn 0.000436 -1.000000 -0.000000
vn -0.866258 0.499597 0.000000
vn -0.866258 0.499597 0.000000
vn -0.866258 0.499597 0.000000
vn -0.866258 0.499597 0.000000
vn 0.866259 -0.499595 -0.000000
vn 0.866259 -0.499595 -0.000000
vn 0.866259 -0.499595 -0.000000
vn 0.866259 -0.499595 -0.000000
vn -0.865823 -0.500351 0.000000
vn -0.865823 -0.500351 0.000000
vn -0.865823 -0.500351 0.000000
vn -0.865823 -0.500351 0.000000
vn -0.000437 1.000000 -0.000000
vn -0.000437 1.000000 -0.000000
vn -0.000437 1.000000 -0.000000
vn -0.000437 1.000000 -0.000000
vn -0.000003 -0.000001 -1.000000
vn -0.000003 -0.000001 -1.000000
vn -0.000003 -0.000001 -1.000000
vn -0.000003 -0.000001 -1.000000
vn -0.000001 -0.000000 -1.000000
vn -0.000001 -0.000000 -1.000000
vn -0.000001 -0.000000 -1.000000
vn -0.000001 -0.000000 -1.000000
vn -0.000000 -0.000000 -1.000000
vn -0.000000 -0.000000 -1.000000
vn -0.000000 -0.000000 -1.000000
vn -0.000000 -0.000000 -1.000000
vn -0.000000 0.000000 -1.000000
vn -0.000000 0.000000 -1.000000
vn -0.000000 0.000000 -1.000000
vn 0.000002 0.000001 -1.000000
vn 0.000002 0.000001 -1.000000
vn 0.000002 0.000001 -1.000000
vn 0.000002 0.000001 -1.000000
vn 0.865822 0.500352 -0.000000
vn 0.865822 0.500352 -0.000000
vn 0.865822 0.500352 -0.000000
vn 0.865822 0.500352 -0.000000
vn -0.000000 -0.000000 -1.000000
vn -0.000000 -0.000000 -1.000000
vn -0.000000 -0.000000 -1.000000
vn -0.000000 -0.000000 -1.000000
vn 0.866150 -0.499785 0.000000
vn 0.866150 -0.499785 0.000000
vn 0.866150 -0.499785 0.000000
vn 0.866150 -0.499785 0.000000
vn -0.865931 -0.500163 0.000000
vn -0.865931 -0.500163 0.000000
vn -0.865931 -0.500163 0.000000
vn -0.865931 -0.500163 0.000000
vn 0.865931 0.500163 -0.000000
vn 0.865931 0.500163 -0.000000
vn 0.865931 0.500163 -0.000000
vn 0.865931 0.500163 -0.000000
vn 0.000217 -1.000000 -0.000000
vn 0.000217 -1.000000 -0.000000
vn 0.000217 -1.000000 -0.000000
vn 0.000217 -1.000000 -0.000000
vn -0.866149 0.499785 0.000000
vn -0.866149 0.499785 0.000000
vn -0.866149 0.499785 0.000000
vn -0.866149 0.499785 0.000000
vn -0.000000 0.000000 -1.000000
vn -0.000000 0.000000 -1.000000
vn -0.000000 0.000000 -1.000000
vn -0.000000 0.000000 -1.000000
vn -0.000004 -0.000000 -1.000000
vn -0.000004 -0.000000 -1.000000
vn -0.000004 -0.000000 -1.000000
vn -0.000004 -0.000000 -1.000000
vn 0.000002 0.000000 -1.000000
vn 0.000002 0.000000 -1.000000
vn 0.000002 0.000000 -1.000000
vn 0.000002 0.000000 -1.000000
vn -0.000000 0.000000 -1.000000
vn -0.000000 0.000000 -1.000000
vn -0.000000 0.000000 -1.000000
vn -0.000000 0.000000 -1.000000
vn -0.000001 -0.000000 -1.000000
vn -0.000001 -0.000000 -1.000000
vn -0.000001 -0.000000 -1.000000
vn -0.000001 -0.000000 -1.000000
vn -0.000218 1.000000 -0.000000
vn -0.000218 1.000000 -0.000000
vn -0.000218 1.000000 -0.000000
vn -0.000218 1.000000 -0.000000
vn 0.000001 0.000000 -1.000000
vn 0.000001 0.000000 -1.000000
vn 0.000001 0.000000 -1.000000
vn 0.000001 0.000000 -1.000000
vn 0.866041 0.499974 -0.000000
vn 0.866041 0.499974 -0.000000
vn 0.866041 0.499974 -0.000000
vn 0.866041 0.499974 -0.000000
vn 0.000000 -1.000000 0.000001
vn 0.000000 -1.000000 0.000001
vn 0.000000 -1.000000 0.000001
vn 0.000000 -1.000000 0.000001
vn -0.000000 1.000000 -0.000000
vn -0.000000 1.000000 -0.000000
vn -0.000000 1.000000 -0.000000
vn -0.000000 1.000000 -0.000000
vn 0.866040 -0.499974 0.000000
vn 0.866040 -0.499974 0.000000
vn 0.866040 -0.499974 0.000000
vn 0.866040 -0.499974 0.000000
vn -0.866040 -0.499974 0.000000
vn -0.866040 -0.499974 0.000000
vn -0.866040 -0.499974 0.000000
vn -0.866040 -0.499974 0.000000
vn -0.000001 -0.000000 -1.000000
vn -0.000001 -0.000000 -1.000000
vn -0.000001 -0.000000 -1.000000
vn -0.000001 -0.000000 -1.000000
vn 0.000001 0.000000 -1.000000
vn 0.000001 0.000000 -1.000000
vn 0.000001 0.000000 -1.000000
vn 0.000001 0.000000 -1.000000
vn 0.000001 0.000000 -1.000000
vn 0.000001 0.000000 -1.000000
vn 0.000001 0.000000 -1.000000
vn 0.000001 0.000000 -1.000000
vn -0.000000 -0.000000 -1.000000
vn -0.000000 -0.000000 -1.000000
vn -0.000000 -0.000000 -1.000000
vn -0.000000 -0.000000 -1.000000
vn -0.000000 0.000000 -1.000000
vn -0.000000 0.000000 -1.000000
vn -0.000000 0.000000 -1.000000
vn -0.866041 0.499973 0.000000
vn -0.866041 0.499973 0.000000
vn -0.866041 0.499973 0.000000
vn -0.866041 0.499973 0.000000
vn -0.000000 0.000000 -1.000000
vn -0.000000 0.000000 -1.000000
vn -0.000000 0.000000 -1.000000
vn -0.000000 0.000000 -1.000000
vn -0.001090 0.999999 0.000000
vn -0.001090 0.999999 0.000000
vn -0.001090 0.999999 0.000000
vn -0.001090 0.999999 0.000000
vn 0.866585 -0.499029 -0.000000
vn 0.866585 -0.499029 -0.000000
vn 0.866585 -0.499029 -0.000000
vn 0.866585 -0.499029 -0.000000
vn -0.866585 0.499029 0.000000
vn -0.866585 0.499029 0.000000
vn -0.866585 0.499029 0.000000
vn -0.866585 0.499029 0.000000
vn 0.865495 0.500918 -0.000000
vn 0.865495 0.500918 -0.000000
vn 0.865495 0.500918 -0.000000
vn 0.865495 0.500918 -0.000000
vn 0.001091 -0.999999 0.000001
vn 0.001091 -0.999999 0.000001
vn 0.001091 -0.999999 0.000001
vn 0.001091 -0.999999 0.000001
vn -0.000000 -0.000000 1.000000
vn -0.000000 -0.000000 1.000000
vn -0.000000 -0.000000 1.000000
vn -0.000000 -0.000000 1.000000
vn -0.000001 -0.000000 1.000000
vn -0.000001 -0.000000 1.000000
vn -0.000001 -0.000000 1.000000
vn -0.000001 -0.000000 1.000000
vn -0.000002 -0.000000 1.000000
vn -0.000002 -0.000000 1.000000
vn -0.000002 -0.000000 1.000000
vn -0.000002 -0.000000 1.000000
vn -0.865494 -0.500918 0.000000
vn -0.865494 -0.500918 0.000000
vn -0.865494 -0.500918 0.000000
vn -0.865494 -0.500918 0.000000
vn -0.000000 0.000000 1.000000
vn -0.000000 0.000000 1.000000
vn -0.000000 0.000000 1.000000
vn -0.000000 0.000000 1.000000
vn -0.000004 -0.000000 1.000000
vn -0.000004 -0.000000 1.000000
vn -0.000004 -0.000000 1.000000
vn -0.000004 -0.000000 1.000000
vn 0.362294 -0.932064 0.000000
vn 0.362294 -0.932064 0.000000
vn 0.362294 -0.932064 0.000000
vn 0.362294 -0.932064 0.000000
vn 0.866585 -0.499029 0.000000
vn 0.866585 -0.499029 0.000000
vn 0.866585 -0.499029 0.000000
vn 0.866585 -0.499029 0.000000
vn 0.987952 0.154758 -0.000000
vn 0.987952 0.154758 -0.000000
vn 0.987952 0.154758 -0.000000
vn 0.987952 0.154758 -0.000000
vn -0.866476 0.499218 -0.000000
vn -0.866476 0.499218 -0.000000
vn -0.866476 0.499218 -0.000000
vn -0.866476 0.499218 -0.000000
vn 0.865604 0.500729 -0.000000
vn 0.865604 0.500729 -0.000000
vn 0.865604 0.500729 -0.000000
vn 0.865604 0.500729 -0.000000
vn -0.865604 -0.500729 0.000001
vn -0.865604 -0.500729 0.000001
vn -0.865604 -0.500729 0.000001
vn -0.865604 -0.500729 0.000001
vn -0.000872 1.000000 -0.000001
vn -0.000872 1.000000 -0.000001
vn -0.000872 1.000000 -0.000001
vn -0.000872 1.000000 -0.000001
vn 0.866477 -0.499217 -0.000000
vn 0.866477 -0.499217 -0.000000
vn 0.866477 -0.499217 -0.000000
vn 0.866477 -0.499217 -0.000000
vn 0.000000 0.000000 1.000000
vn 0.000000 0.000000 1.000000
vn 0.000000 0.000000 1.000000
vn 0.000000 0.000000 1.000000
vn -0.000000 0.000000 1.000000
vn -0.000000 0.000000 1.000000
vn -0.000000 0.000000 1.000000
vn -0.000000 0.000000 1.000000
vn -0.000000 0.000000 1.000000
vn -0.000000 0.000000 1.000000
vn -0.000000 0.000000 1.000000
vn -0.000000 0.000000 1.000000
vn 0.000001 0.000000 1.000000
vn 0.000001 0.000000 1.000000
vn 0.000001 0.000000 1.000000
vn 0.000001 0.000000 1.000000
vn 0.000004 0.000000 1.000000
vn 0.000004 0.000000 1.000000
vn 0.000004 0.000000 1.000000
vn 0.000004 0.000000 1.000000
vn 0.000872 -1.000000 0.000000
vn 0.000872 -1.000000 0.000000
vn 0.000872 -1.000000 0.000000
vn 0.000872 -1.000000 0.000000
vn 0.000004 0.000000 1.000000
vn 0.000004 0.000000 1.000000
vn 0.000004 0.000000 1.000000
vn 0.000004 0.000000 1.000000
vn 0.988257 -0.152798 -0.000000
vn 0.988257 -0.152798 -0.000000
vn 0.988257 -0.152798 -0.000000
vn 0.988257 -0.152798 -0.000000
vn 0.865604 0.500729 -0.000000
vn 0.865604 0.500729 -0.000000
vn 0.865604 0.500729 -0.000000
vn 0.865604 0.500729 -0.000000
vn 0.360095 0.932916 -0.000000
vn 0.360095 0.932916 -0.000000
vn 0.360095 0.932916 -0.000000
vn 0.360095 0.932916 -0.000000
vn -0.865714 -0.500540 0.000000
vn -0.865714 -0.500540 0.000000
vn -0.865714 -0.500540 0.000000
vn -0.865714 -0.500540 0.000000
vn -0.000653 1.000000 -0.000001
vn -0.000653 1.000000 -0.000001
vn -0.000653 1.000000 -0.000001
vn -0.000653 1.000000 -0.000001
vn 0.000655 -1.000000 0.000000
vn 0.000655 -1.000000 0.000000
vn 0.000655 -1.000000 0.000000
vn 0.000655 -1.000000 0.000000
vn -0.866367 0.499407 0.000000
vn -0.866367 0.499407 0.000000
vn -0.866367 0.499407 0.000000
vn -0.866367 0.499407 0.000000
vn 0.865713 0.500541 -0.000000
vn 0.865713 0.500541 -0.000000
vn 0.865713 0.500541 -0.000000
vn 0.865713 0.500541 -0.000000
vn 0.000006 0.000000 1.000000
vn 0.000006 0.000000 1.000000
vn 0.000006 0.000000 1.000000
vn 0.000006 0.000000 1.000000
vn 0.000002 0.000000 1.000000
vn 0.000002 0.000000 1.000000
vn 0.000002 0.000000 1.000000
vn 0.000002 0.000000 1.000000
vn -0.000000 0.000000 1.000000
vn -0.000000 0.000000 1.000000
vn -0.000000 0.000000 1.000000
vn -0.000000 0.000000 1.000000
vn -0.000000 0.000000 1.000000
vn -0.000000 0.000000 1.000000
vn -0.000000 -0.000000 1.000000
vn -0.000000 -0.000000 1.000000
vn -0.000000 -0.000000 1.000000
vn -0.000000 -0.000000 1.000000
vn 0.866368 -0.499407 -0.000000
vn 0.866368 -0.499407 -0.000000
vn 0.866368 -0.499407 -0.000000
vn 0.866368 -0.499407 -0.000000
vn 0.000001 0.000000 1.000000
vn 0.000001 0.000000 1.000000
vn 0.000001 0.000000 1.000000
vn 0.000001 0.000000 1.000000
vn 0.626721 0.779244 -0.000000
vn 0.626721 0.779244 -0.000000
vn 0.626721 0.779244 -0.000000
vn 0.626721 0.779244 -0.000000
vn -0.000654 1.000000 -0.000000
vn -0.000654 1.000000 -0.000000
vn -0.000654 1.000000 -0.000000
vn -0.000654 1.000000 -0.000000
vn -0.627779 0.778392 0.000000
vn -0.627779 0.778392 0.000000
vn -0.627779 0.778392 0.000000
vn -0.627779 0.778392 0.000000
vn 0.000436 -1.000000 0.000001
vn 0.000436 -1.000000 0.000001
vn 0.000436 -1.000000 0.000001
vn 0.000436 -1.000000 0.000001
vn -0.866259 0.499596 0.000000
vn -0.866259 0.499596 0.000000
vn -0.866259 0.499596 0.000000
vn -0.866259 0.499596 0.000000
vn 0.866259 -0.499596 -0.000000
vn 0.866259 -0.499596 -0.000000
vn 0.866259 -0.499596 -0.000000
vn 0.866259 -0.499596 -0.000000
vn -0.865823 -0.500351 0.000001
vn -0.865823 -0.500351 0.000001
vn -0.865823 -0.500351 0.000001
vn -0.865823 -0.500351 0.000001
vn -0.000436 1.000000 -0.000000
vn -0.000436 1.000000 -0.000000
vn -0.000436 1.000000 -0.000000
vn -0.000436 1.000000 -0.000000
vn -0.000003 -0.000000 1.000000
vn -0.000003 -0.000000 1.000000
vn -0.000003 -0.000000 1.000000
vn -0.000003 -0.000000 1.000000
vn 0.000000 0.000000 1.000000
vn 0.000000 0.000000 1.000000
vn 0.000000 0.000000 1.000000
vn 0.000000 0.000000 1.000000
vn -0.000001 -0.000000 1.000000
vn -0.000001 -0.000000 1.000000
vn -0.000001 -0.000000 1.000000
vn -0.000001 -0.000000 1.000000
vn -0.000000 0.000000 1.000000
vn -0.000000 0.000000 1.000000
vn -0.000000 0.000000 1.000000
vn -0.000000 0.000000 1.000000
vn -0.000000 0.000000 1.000000
vn -0.000000 0.000000 1.000000
vn -0.000000 0.000000 1.000000
vn 0.865822 0.500352 -0.000001
vn 0.865822 0.500352 -0.000001
vn 0.865822 0.500352 -0.000001
vn 0.865822 0.500352 -0.000001
vn -0.000004 -0.000000 1.000000
vn -0.000004 -0.000000 1.000000
vn -0.000004 -0.000000 1.000000
vn -0.000004 -0.000000 1.000000
vn -0.361289 0.932454 0.000000
vn -0.361289 0.932454 0.000000
vn -0.361289 0.932454 0.000000
vn -0.361289 0.932454 0.000000
vn -0.866258 0.499596 -0.000000
vn -0.866258 0.499596 -0.000000
vn -0.866258 0.499596 -0.000000
vn -0.866258 0.499596 -0.000000
vn -0.988045 -0.154167 0.000000
vn -0.988045 -0.154167 0.000000
vn -0.988045 -0.154167 0.000000
vn -0.988045 -0.154167 0.000000
vn 0.866150 -0.499784 0.000000
vn 0.866150 -0.499784 0.000000
vn 0.866150 -0.499784 0.000000
vn 0.866150 -0.499784 0.000000
vn -0.865931 -0.500163 0.000001
vn -0.865931 -0.500163 0.000001
vn -0.865931 -0.500163 0.000001
vn -0.865931 -0.500163 0.000001
vn 0.865931 0.500163 -0.000000
vn 0.865931 0.500163 -0.000000
vn 0.865931 0.500163 -0.000000
vn 0.865931 0.500163 -0.000000
vn 0.000217 -1.000000 0.000000
vn 0.000217 -1.000000 0.000000
vn 0.000217 -1.000000 0.000000
vn 0.000217 -1.000000 0.000000
vn -0.866150 0.499785 0.000000
vn -0.866150 0.499785 0.000000
vn -0.866150 0.499785 0.000000
vn -0.866150 0.499785 0.000000
vn -0.000000 -0.000000 1.000000
vn -0.000000 -0.000000 1.000000
vn -0.000000 -0.000000 1.000000
vn -0.000000 -0.000000 1.000000
vn 0.000003 0.000001 1.000000
vn 0.000003 0.000001 1.000000
vn 0.000003 0.000001 1.000000
vn 0.000003 0.000001 1.000000
vn 0.000002 0.000002 1.000000
vn 0.000002 0.000002 1.000000
vn 0.000002 0.000002 1.000000
vn 0.000002 0.000002 1.000000
vn 0.000000 0.000000 1.000000
vn 0.000000 0.000000 1.000000
vn 0.000000 0.000000 1.000000
vn 0.000000 0.000000 1.000000
vn -0.000004 -0.000000 1.000000
vn -0.000004 -0.000000 1.000000
vn -0.000004 -0.000000 1.000000
vn -0.000004 -0.000000 1.000000
vn -0.000218 1.000000 -0.000000
vn -0.000218 1.000000 -0.000000
vn -0.000218 1.000000 -0.000000
vn -0.000218 1.000000 -0.000000
vn 0.000007 0.000000 1.000000
vn 0.000007 0.000000 1.000000
vn 0.000007 0.000000 1.000000
vn 0.000007 0.000000 1.000000
vn -0.988142 0.153541 0.000000
vn -0.988142 0.153541 0.000000
vn -0.988142 0.153541 0.000000
vn -0.988142 0.153541 0.000000
vn -0.865932 -0.500162 0.000000
vn -0.865932 -0.500162 0.000000
vn -0.865932 -0.500162 0.000000
vn -0.865932 -0.500162 0.000000
vn -0.360797 -0.932644 0.000000
vn -0.360797 -0.932644 0.000000
vn -0.360797 -0.932644 0.000000
vn -0.360797 -0.932644 0.000000
vn 0.866041 0.499974 -0.000000
vn 0.866041 0.499974 -0.000000
vn 0.866041 0.499974 -0.000000
vn 0.866041 0.499974 -0.000000
vn 0.000000 -1.000000 0.000000
vn 0.000000 -1.000000 0.000000
vn 0.000000 -1.000000 0.000000
vn 0.000000 -1.000000 0.000000
vn -0.000000 1.000000 -0.000000
vn -0.000000 1.000000 -0.000000
vn -0.000000 1.000000 -0.000000
vn -0.000000 1.000000 -0.000000
vn 0.866040 -0.499974 -0.000000
vn 0.866040 -0.499974 -0.000000
vn 0.866040 -0.499974 -0.000000
vn 0.866040 -0.499974 -0.000000
vn -0.866041 -0.499974 0.000000
vn -0.866041 -0.499974 0.000000
vn -0.866041 -0.499974 0.000000
vn -0.866041 -0.499974 0.000000
vn 0.000009 -0.000002 1.000000
vn 0.000009 -0.000002 1.000000
vn 0.000009 -0.000002 1.000000
vn 0.000009 -0.000002 1.000000
vn -0.000000 0.000000 1.000000
vn -0.000000 0.000000 1.000000
vn -0.000000 0.000003 1.000000
vn -0.000000 0.000003 1.000000
vn -0.000000 0.000003 1.000000
vn -0.000000 0.000003 1.000000
vn 0.000002 0.000000 1.000000
vn 0.000002 0.000000 1.000000
vn 0.000002 0.000000 1.000000
vn 0.000002 0.000000 1.000000
vn -0.000000 0.000000 1.000000
vn -0.000000 0.000000 1.000000
vn -0.000000 0.000000 1.000000
vn -0.000000 0.000000 1.000000
vn -0.866041 0.499973 0.000000
vn -0.866041 0.499973 0.000000
vn -0.866041 0.499973 0.000000
vn -0.866041 0.499973 0.000000
vn 0.000003 -0.000000 1.000000
vn 0.000003 -0.000000 1.000000
vn 0.000003 -0.000000 1.000000
vn 0.000003 -0.000000 1.000000
vn -0.627187 -0.778869 0.000000
vn -0.627187 -0.778869 0.000000
vn -0.627187 -0.778869 0.000000
vn -0.627187 -0.778869 0.000000
vn 0.000000 -1.000000 -0.000000
vn 0.000000 -1.000000 -0.000000
vn 0.000000 -1.000000 -0.000000
vn 0.000000 -1.000000 -0.000000
vn 0.626939 -0.779068 -0.000000
vn 0.626939 -0.779068 -0.000000
vn 0.626939 -0.779068 -0.000000
vn 0.626939 -0.779068 -0.000000
vn 0.000001 0.967909 0.251300
vn 0.000001 0.967909 0.251300
vn 0.000001 0.967909 0.251300
vn 0.000001 0.967909 0.251300
vn 0.000000 -0.916801 -0.399344
vn 0.000000 -0.916801 -0.399344
vn 0.000000 -0.916801 -0.399344
vn 0.000000 -0.916801 -0.399344
vn -1.000000 -0.000000 -0.000000
vn -1.000000 -0.000000 -0.000000
vn -1.000000 -0.000000 -0.000000
vn -1.000000 -0.000000 -0.000000
vn -0.000000 0.595366 -0.803455
vn -0.000000 0.595366 -0.803455
vn -0.000000 0.595366 -0.803455
vn -0.000000 0.595366 -0.803455
vn -1.000000 -0.000000 -0.000000
vn -1.000000 -0.000000 -0.000000
vn -1.000000 -0.000000 -0.000000
vn -1.000000 -0.000000 -0.000000
vn 1.000000 0.000000 0.000000
vn 1.000000 0.000000 0.000000
vn 1.000000 0.000000 0.000000
vn 1.000000 0.000000 0.000000
vn 0.000001 0.893897 0.448273
vn 0.000001 0.893897 0.448273
vn 0.000001 0.893897 0.448273
vn 0.000001 0.893897 0.448273
vn 1.000000 0.000000 0.000000
vn 1.000000 0.000000 0.000000
vn 1.000000 0.000000 0.000000
vn 1.000000 0.000000 0.000000
vn 1.000000 -0.000000 0.000000
vn 1.000000 -0.000000 0.000000
vn 1.000000 -0.000000 0.000000
vn 1.000000 -0.000000 0.000000
vn 0.000001 0.976630 0.214928
vn 0.000001 0.976630 0.214928
vn 0.000001 0.976630 0.214928
vn 0.000001 0.976630 0.214928
vn 0.000000 -0.559705 -0.828692
vn 0.000000 -0.559705 -0.828692
vn 0.000000 -0.559705 -0.828692
vn 0.000000 -0.559705 -0.828692
vn 0.000000 -0.814868 -0.579647
vn 0.000000 -0.814868 -0.579647
vn 0.000000 -0.814868 -0.579647
vn 0.000000 -0.814868 -0.579647
vn 1.000000 0.000000 0.000000
vn 1.000000 0.000000 0.000000
vn 1.000000 0.000000 0.000000
vn 1.000000 0.000000 0.000000
vn 0.000000 0.597817 0.801633
vn 0.000000 0.597817 0.801633
vn 0.000000 0.597817 0.801633
vn 0.000000 0.597817 0.801633
vn 0.000001 -0.329570 -0.944131
vn 0.000001 -0.329570 -0.944131
vn 0.000001 -0.329570 -0.944131
vn 0.000001 -0.329570 -0.944131
vn -1.000000 -0.000000 -0.000000
vn -1.000000 -0.000000 -0.000000
vn -1.000000 -0.000000 -0.000000
vn -1.000000 -0.000000 -0.000000
vn -1.000000 -0.000000 -0.000000
vn -1.000000 -0.000000 -0.000000
vn -1.000000 -0.000000 -0.000000
vn -1.000000 -0.000000 -0.000000
vn 0.000000 -0.648884 0.760887
vn 0.000000 -0.648884 0.760887
vn 0.000000 -0.648884 0.760887
vn 0.000000 -0.648884 0.760887
g Grey
usemtl Grey
f 1//1 2//2 3//3
f 2//2 1//1 4//4
f 5//5 6//6 7//7
f 6//6 5//5 8//8
f 9//9 10//10 11//11
f 12//12 9//9 11//11
f 13//13 14//14 15//15
f 14//14 13//13 16//16
f 17//17 18//18 19//19
f 20//20 17//17 19//19
f 21//21 22//22 23//23
f 24//24 22//22 21//21
f 25//25 26//26 27//27
f 26//26 25//25 28//28
f 29//29 30//30 31//31
f 31//31 32//32 29//29
f 33//33 34//34 35//35
f 36//36 34//34 33//33
f 37//37 38//38 39//39
f 40//40 38//38 37//37
f 41//41 42//42 43//43
f 42//42 41//41 44//44
f 45//45 46//46 47//47
f 46//46 45//45 48//48
f 49//49 50//50 51//51
f 50//50 49//49 52//52
f 53//53 54//54 55//55
f 56//56 54//54 53//53
f 57//57 58//58 59//59
f 58//58 57//57 60//60
f 61//61 62//62 63//63
f 62//62 61//61 64//64
f 65//65 66//66 67//67
f 68//68 65//65 67//67
f 69//69 70//70 71//71
f 70//70 69//69 72//72
f 73//73 74//74 75//75
f 76//76 77//77 78//78
f 77//77 76//76 79//79
f 74//74 80//80 75//75
f 74//74 73//73 81//81
f 80//80 74//74 82//82
f 83//83 84//84 85//85
f 86//86 84//84 83//83
f 87//87 88//88 89//89
f 90//90 88//88 87//87
f 91//91 92//92 93//93
f 94//94 92//92 91//91
f 95//95 96//96 97//97
f 95//95 98//98 96//96
f 99//99 97//97 100//100
f 99//99 95//95 97//97
f 101//101 102//102 103//103
f 101//101 103//103 104//104
f 105//105 106//106 107//107
f 106//106 105//105 108//108
f 109//109 110//110 111//111
f 110//110 109//109 112//112
f 113//113 114//114 115//115
f 114//114 113//113 116//116
f 117//117 118//118 119//119
f 117//117 119//119 120//120
f 121//121 122//122 123//123
f 123//123 124//124 121//121
f 125//125 126//126 127//127
f 126//126 125//125 128//128
f 129//129 130//130 131//131
f 130//130 129//129 132//132
f 133//133 134//134 135//135
f 134//134 133//133 136//136
f 137//137 138//138 139//139
f 138//138 137//137 140//140
f 141//141 142//142 143//143
f 142//142 141//141 144//144
f 145//145 146//146 147//147
f 147//147 148//148 145//145
f 149//149 150//150 151//151
f 150//150 149//149 152//152
f 153//153 154//154 155//155
f 154//154 153//153 156//156
f 157//157 158//158 159//159
f 158//158 157//157 160//160
f 161//161 162//162 163//163
f 162//162 161//161 164//164
f 165//165 166//166 167//167
f 165//165 168//168 166//166
f 169//169 170//170 171//171
f 169//169 171//171 172//172
f 173//173 174//174 175//175
f 174//174 173//173 176//176
f 177//177 178//178 179//179
f 177//177 179//179 180//180
f 181//181 182//182 183//183
f 182//182 181//181 184//184
f 185//185 186//186 187//187
f 186//186 185//185 188//188
f 189//189 190//190 191//191
f 189//189 191//191 192//192
f 193//193 194//194 195//195
f 194//194 193//193 196//196
f 197//197 198//198 199//199
f 197//197 200//200 198//198
f 201//201 202//202 203//203
f 203//203 204//204 201//201
f 205//205 206//206 207//207
f 206//206 205//205 208//208
f 209//209 210//210 211//211
f 210//210 209//209 212//212
f 213//213 214//214 215//215
f 214//214 213//213 216//216
f 217//217 218//218 219//219
f 219//219 220//220 217//217
f 221//221 222//222 223//223
f 222//222 221//221 224//224
f 225//225 226//226 227//227
f 226//226 225//225 228//228
f 229//229 230//230 231//231
f 230//230 229//229 232//232
f 233//233 234//234 235//235
f 235//235 236//236 233//233
f 237//237 238//238 239//239
f 238//238 237//237 240//240
f 241//241 242//242 243//243
f 242//242 241//241 244//244
f 245//245 246//246 247//247
f 246//246 245//245 248//248
f 249//249 250//250 251//251
f 249//249 252//252 250//250
f 253//253 254//254 255//255
f 253//253 256//256 254//254
f 257//257 258//258 259//259
f 260//260 258//258 257//257
f 258//258 260//260 261//261
f 262//262 263//263 264//264
f 262//262 264//264 265//265
f 266//266 267//267 268//268
f 266//266 268//268 269//269
f 270//270 271//271 272//272
f 271//271 270//270 273//273
f 274//274 275//275 276//276
f 274//274 276//276 277//277
f 275//275 274//274 278//278
f 279//279 280//280 281//281
f 280//280 279//279 282//282
f 283//283 284//284 285//285
f 284//284 283//283 286//286
f 287//287 288//288 289//289
f 288//288 287//287 290//290
f 291//291 292//292 293//293
f 294//294 291//291 293//293
f 295//295 296//296 297//297
f 298//298 296//296 295//295
f 299//299 300//300 301//301
f 300//300 299//299 302//302
f 303//303 304//304 305//305
f 304//304 303//303 306//306
f 307//307 308//308 309//309
f 308//308 307//307 310//310
f 311//311 312//312 313//313
f 312//312 311//311 314//314
f 315//315 316//316 317//317
f 316//316 315//315 318//318
f 319//319 320//320 321//321
f 319//319 322//322 320//320
f 323//323 324//324 325//325
f 324//324 323//323 326//326
f 327//327 328//328 329//329
f 328//328 327//327 330//330
g LightMetal
usemtl LightMetal
f 331//331 332//332 333//333
f 332//332 331//331 334//334
f 335//335 336//336 337//337
f 336//336 335//335 338//338
f 339//339 340//340 341//341
f 340//340 339//339 342//342
f 343//343 344//344 345//345
f 344//344 343//343 346//346
f 347//347 348//348 349//349
f 348//348 347//347 350//350
f 351//351 352//352 353//353
f 352//352 351//351 354//354
f 355//355 356//356 357//357
f 356//356 355//355 358//358
f 359//359 360//360 361//361
f 360//360 359//359 362//362
f 363//363 364//364 365//365
f 364//364 363//363 366//366
f 367//367 368//368 369//369
f 368//368 367//367 370//370
f 371//371 372//372 373//373
f 372//372 371//371 374//374
f 375//375 376//376 377//377
f 376//376 375//375 378//378
f 379//379 380//380 381//381
f 380//380 379//379 382//382
f 383//383 384//384 385//385
f 384//384 383//383 386//386
f 387//387 388//388 389//389
f 387//387 390//390 388//388
f 391//391 392//392 393//393
f 394//394 395//395 396//396
f 394//394 393//393 392//392
f 393//393 394//394 396//396
f 397//397 398//398 399//399
f 398//398 397//397 400//400
f 401//401 402//402 403//403
f 401//401 403//403 404//404
f 405//405 406//406 407//407
f 406//406 405//405 408//408
f 409//409 410//410 411//411
f 410//410 409//409 412//412
f 413//413 414//414 415//415
f 414//414 413//413 416//416
f 417//417 418//418 419//419
f 418//418 417//417 420//420
f 421//421 422//422 423//423
f 422//422 421//421 424//424
f 425//425 426//426 427//427
f 426//426 425//425 428//428
f 429//429 430//430 431//431
f 429//429 431//431 432//432
f 433//433 434//434 435//435
f 436//436 435//435 434//434
f 437//437 438//438 439//439
f 440//440 439//439 438//438
f 441//441 442//442 443//443
f 442//442 441//441 444//444
f 445//445 446//446 447//447
f 446//446 445//445 448//448
f 449//449 450//450 451//451
f 450//450 449//449 452//452
f 453//453 454//454 455//455
f 456//456 455//455 454//454
f 457//457 458//458 459//459
f 458//458 457//457 460//460
f 461//461 462//462 463//463
f 464//464 465//465 462//462
f 464//464 462//462 461//461
f 466//466 465//465 467//467
f 465//465 464//464 468//468
f 462//462 465//465 466//466
f 469//469 470//470 471//471
f 470//470 469//469 472//472
f 473//473 474//474 475//475
f 474//474 473//473 476//476
f 477//477 478//478 479//479
f 478//478 477//477 480//480
f 481//481 482//482 483//483
f 482//482 481//481 484//484
f 485//485 486//486 487//487
f 486//486 485//485 488//488
f 489//489 490//490 491//491
f 491//491 492//492 489//489
f 493//493 490//490 494//494
f 493//493 491//491 490//490
f 495//495 496//496 497//497
f 496//496 495//495 498//498
f 499//499 500//500 501//501
f 501//501 502//502 499//499
f 503//503 504//504 505//505
f 505//505 506//506 503//503
f 507//507 508//508 509//509
f 508//508 507//507 510//510
f 511//511 512//512 513//513
f 512//512 511//511 514//514
f 515//515 516//516 517//517
f 517//517 518//518 515//515
f 519//519 520//520 521//521
f 521//521 522//522 519//519
f 523//523 524//524 525//525
f 524//524 523//523 526//526
f 527//527 528//528 529//529
f 529//529 530//530 527//527
f 531//531 532//532 533//533
f 534//534 535//535 536//536
f 537//537 538//538 539//539
f 532//532 531//531 537//537
f 539//539 532//532 537//537
f 540//540 541//541 542//542
f 541//541 540//540 543//543
f 544//544 545//545 546//546
f 545//545 544//544 547//547
f 548//548 549//549 550//550
f 548//548 550//550 551//551
f 552//552 553//553 554//554
f 553//553 552//552 555//555
f 556//556 557//557 558//558
f 557//557 556//556 559//559
f 560//560 561//561 562//562
f 561//561 560//560 563//563
f 564//564 565//565 566//566
f 564//564 567//567 565//565
f 568//568 569//569 570//570
f 568//568 570//570 571//571
f 572//572 536//536 535//535
f 536//536 572//572 573//573
f 536//536 574//574 534//534
f 575//575 576//576 577//577
f 575//575 578//578 576//576
f 579//579 580//580 581//581
f 580//580 579//579 582//582
f 583//583 584//584 585//585
f 584//584 583//583 586//586
f 587//587 588//588 589//589
f 587//587 590//590 588//588
f 591//591 592//592 593//593
f 591//591 594//594 592//592
f 595//595 596//596 597//597
f 595//595 598//598 596//596
f 599//599 600//600 601//601
f 599//599 602//602 603//603
f 604//604 605//605 606//606
f 605//605 604//604 607//607
f 608//608 609//609 610//610
f 609//609 608//608 611//611
f 612//612 613//613 614//614
f 613//613 612//612 615//615
f 616//616 617//617 618//618
f 617//617 616//616 619//619
f 620//620 621//621 622//622
f 620//620 623//623 621//621
f 624//624 625//625 626//626
f 624//624 627//627 625//625
f 628//628 629//629 630//630
f 629//629 628//628 631//631
f 631//631 632//632 629//629
f 633//633 634//634 635//635
f 633//633 636//636 634//634
f 637//637 638//638 639//639
f 638//638 637//637 640//640
f 641//641 642//642 643//643
f 641//641 644//644 642//642
f 645//645 646//646 647//647
f 645//645 648//648 646//646
f 649//649 650//650 651//651
f 649//649 651//651 652//652
f 653//653 654//654 655//655
f 653//653 656//656 654//654
f 632//632 631//631 657//657
f 657//657 658//658 632//632
f 659//659 660//660 661//661
f 659//659 662//662 660//660
f 663//663 664//664 665//665
f 663//663 666//666 664//664
f 667//667 668//668 669//669
f 667//667 669//669 670//670
f 671//671 672//672 673//673
f 672//672 671//671 674//674
f 675//675 676//676 677//677
f 678//678 676//676 675//675
f 679//679 680//680 681//681
f 680//680 679//679 682//682
f 683//683 684//684 685//685
f 686//686 687//687 688//688
f 687//687 686//686 689//689
f 690//690 691//691 692//692
f 691//691 690//690 693//693
f 694//694 695//695 696//696
f 695//695 694//694 697//697
f 698//698 699//699 700//700
f 699//699 698//698 701//701
f 702//702 703//703 704//704
f 703//703 702//702 705//705
f 706//706 707//707 708//708
f 706//706 709//709 707//707
f 710//710 711//711 712//712
f 710//710 712//712 713//713
f 714//714 715//715 716//716
f 715//715 714//714 717//717
f 718//718 719//719 720//720
f 719//719 718//718 721//721
f 722//722 723//723 724//724
f 722//722 725//725 723//723
f 726//726 727//727 728//728
f 727//727 726//726 729//729
f 730//730 731//731 732//732
f 731//731 730//730 733//733
f 734//734 735//735 736//736
f 735//735 734//734 737//737
f 738//738 739//739 740//740
f 739//739 738//738 741//741
f 742//742 743//743 744//744
f 743//743 742//742 745//745
f 746//746 747//747 748//748
f 747//747 746//746 749//749
f 750//750 751//751 752//752
f 753//753 752//752 751//751
f 754//754 755//755 756//756
f 755//755 754//754 757//757
f 758//758 759//759 760//760
f 759//759 758//758 761//761
f 762//762 763//763 764//764
f 763//763 762//762 765//765
f 766//766 767//767 768//768
f 767//767 766//766 769//769
f 770//770 771//771 772//772
f 771//771 770//770 773//773
f 774//774 775//775 776//776
f 775//775 774//774 777//777
f 778//778 779//779 780//780
f 779//779 778//778 781//781
f 782//782 783//783 784//784
f 783//783 782//782 785//785
f 786//786 787//787 788//788
f 787//787 786//786 789//789
f 790//790 791//791 792//792
f 791//791 790//790 793//793
f 794//794 795//795 796//796
f 795//795 794//794 797//797
f 798//798 799//799 800//800
f 799//799 798//798 801//801
f 802//802 803//803 804//804
f 805//805 802//802 804//804
f 806//806 807//807 808//808
f 809//809 806//806 808//808
f 810//810 811//811 812//812
f 811//811 810//810 813//813
f 814//814 815//815 816//816
f 817//817 814//814 816//816
f 818//818 819//819 820//820
f 819//819 818//818 821//821
f 822//822 823//823 824//824
f 823//823 822//822 825//825
f 826//826 827//827 828//828
f 827//827 826//826 829//829
f 830//830 831//831 832//832
f 831//831 830//830 833//833
f 834//834 835//835 836//836
f 837//837 834//834 836//836
f 838//838 839//839 840//840
f 839//839 838//838 841//841
f 842//842 843//843 844//844
f 842//842 845//845 843//843
f 846//846 847//847 848//848
f 847//847 846//846 849//849
f 850//850 851//851 852//852
f 851//851 850//850 853//853
f 854//854 855//855 856//856
f 854//854 856//856 857//857
f 858//858 859//859 860//860
f 859//859 858//858 861//861
f 862//862 863//863 864//864
f 863//863 862//862 865//865
f 866//866 867//867 868//868
f 866//866 869//869 867//867
f 870//870 871//871 872//872
f 871//871 870//870 873//873
f 874//874 875//875 876//876
f 875//875 874//874 877//877
f 878//878 879//879 880//880
f 879//879 878//878 881//881
f 882//882 883//883 884//884
f 883//883 882//882 885//885
f 886//886 887//887 888//888
f 888//888 889//889 886//886
f 890//890 891//891 892//892
f 892//892 893//893 890//890
f 894//894 895//895 896//896
f 896//896 897//897 894//894
f 898//898 899//899 900//900
f 900//900 901//901 898//898
f 902//902 903//903 904//904
f 905//905 906//906 903//903
f 903//903 902//902 905//905
f 907//907 903//903 906//906
f 908//908 909//909 907//907
f 906//906 908//908 907//907
f 910//910 911//911 912//912
f 911//911 910//910 913//913
f 914//914 915//915 916//916
f 913//913 916//916 911//911
f 916//916 913//913 914//914
f 917//917 918//918 919//919
f 918//918 917//917 920//920
f 921//921 922//922 923//923
f 922//922 921//921 924//924
f 925//925 926//926 927//927
f 926//926 925//925 928//928
f 929//929 930//930 931//931
f 932//932 931//931 930//930
f 933//933 934//934 935//935
f 936//936 933//933 935//935
f 937//937 938//938 939//939
f 938//938 937//937 940//940
f 941//941 942//942 943//943
f 944//944 945//945 946//946
f 944//944 947//947 945//945
f 948//948 949//949 950//950
f 951//951 950//950 949//949
f 952//952 953//953 954//954
f 953//953 952//952 955//955
f 956//956 957//957 958//958
f 957//957 956//956 959//959
f 960//960 957//957 959//959
f 961//961 941//941 943//943
f 947//947 943//943 962//962
f 947//947 962//962 945//945
f 943//943 947//947 961//961
f 963//963 964//964 965//965
f 966//966 965//965 964//964
f 946//946 967//967 944//944
f 967//967 946//946 968//968
f 969//969 967//967 968//968
f 970//970 971//971 972//972
f 958//958 970//970 972//972
f 958//958 972//972 956//956
f 973//973 974//974 975//975
f 976//976 975//975 974//974
f 977//977 978//978 979//979
f 980//980 979//979 978//978
f 981//981 982//982 983//983
f 984//984 983//983 982//982
f 985//985 986//986 987//987
f 985//985 987//987 988//988
f 989//989 986//986 985//985
f 986//986 989//989 990//990
f 991//991 992//992 993//993
f 992//992 991//991 994//994
f 995//995 996//996 997//997
f 995//995 997//997 998//998
f 999//999 1000//1000 1001//1001
f 999//999 1002//1002 1000//1000
f 1003//1003 1004//1004 1005//1005
f 1003//1003 1006//1006 1004//1004
f 1007//1007 1008//1008 1009//1009
f 1007//1007 1010//1010 1008//1008
f 1011//1011 1012//1012 1013//1013
f 1012//1012 1011//1011 1014//1014
f 1015//1015 1016//1016 1017//1017
f 1016//1016 1015//1015 1018//1018
f 1019//1019 1020//1020 1021//1021
f 1020//1020 1019//1019 1022//1022
f 1023//1023 1024//1024 1025//1025
f 1024//1024 1023//1023 1026//1026
f 1027//1027 1028//1028 1029//1029
f 1028//1028 1027//1027 1030//1030
f 1031//1031 1032//1032 1033//1033
f 1032//1032 1031//1031 1034//1034
f 1035//1035 1036//1036 1037//1037
f 1037//1037 1038//1038 1035//1035
f 600//600 599//599 1039//1039
f 1039//1039 1040//1040 600//600
f 1040//1040 1039//1039 1041//1041
f 1042//1042 1043//1043 1044//1044
f 1042//1042 1045//1045 1043//1043
f 1046//1046 1047//1047 1048//1048
f 1049//1049 1050//1050 1051//1051
f 1049//1049 1052//1052 1050//1050
f 1053//1053 1054//1054 1055//1055
f 1054//1054 1053//1053 1056//1056
f 1045//1045 1057//1057 1058//1058
f 1045//1045 1058//1058 1043//1043
f 1059//1059 1060//1060 1061//1061
f 1059//1059 1062//1062 1060//1060
f 1063//1063 1051//1051 1064//1064
f 1063//1063 1049//1049 1051//1051
f 1062//1062 1063//1063 1064//1064
f 1062//1062 1064//1064 1060//1060
f 602//602 599//599 601//601
f 603//603 1065//1065 1066//1066
f 1065//1065 603//603 602//602
f 1067//1067 1068//1068 1069//1069
f 1068//1068 1067//1067 1070//1070
f 1071//1071 1072//1072 1073//1073
f 1072//1072 1071//1071 1074//1074
f 1047//1047 1046//1046 1075//1075
f 1058//1058 1048//1048 1047//1047
f 1048//1048 1058//1058 1057//1057
f 1076//1076 1077//1077 1078//1078
f 1076//1076 1079//1079 1077//1077
f 1080//1080 1081//1081 1082//1082
f 1080//1080 1082//1082 1083//1083
f 1084//1084 1085//1085 1086//1086
f 1087//1087 1088//1088 1089//1089
f 1088//1088 1087//1087 1090//1090
f 1091//1091 1092//1092 1093//1093
f 1092//1092 1091//1091 1094//1094
f 1095//1095 1096//1096 1097//1097
f 1096//1096 1095//1095 1098//1098
f 1099//1099 1100//1100 1101//1101
f 1100//1100 1099//1099 1102//1102
f 658//658 657//657 1103//1103
f 1104//1104 658//658 1103//1103
f 1104//1104 1105//1105 658//658
f 1106//1106 1107//1107 1108//1108
f 1106//1106 1109//1109 1107//1107
f 1110//1110 1111//1111 1112//1112
f 1111//1111 1110//1110 1113//1113
f 1114//1114 1115//1115 1116//1116
f 1115//1115 1114//1114 1117//1117
f 1118//1118 1119//1119 1120//1120
f 1118//1118 1121//1121 1119//1119
f 1122//1122 1123//1123 1124//1124
f 1125//1125 1122//1122 1124//1124
f 1126//1126 1127//1127 1128//1128
f 1127//1127 1126//1126 1129//1129
f 1130//1130 1131//1131 1132//1132
f 1131//1131 1130//1130 1133//1133
f 1134//1134 1135//1135 1136//1136
f 1135//1135 1134//1134 1137//1137
f 912//912 1138//1138 910//910
f 1138//1138 912//912 1139//1139
f 1139//1139 1140//1140 1138//1138
f 1141//1141 1142//1142 1143//1143
f 1144//1144 1143//1143 1142//1142
f 1145//1145 1146//1146 1105//1105
f 1147//1147 1148//1148 1149//1149
f 1150//1150 1148//1148 1147//1147
f 1151//1151 1152//1152 1153//1153
f 1154//1154 1151//1151 1153//1153
f 1155//1155 1156//1156 1157//1157
f 1155//1155 1158//1158 1159//1159
f 1158//1158 1155//1155 1157//1157
f 1159//1159 1158//1158 1160//1160
f 1161//1161 1105//1105 1146//1146
f 1161//1161 1146//1146 1162//1162
f 1163//1163 1164//1164 1165//1165
f 1166//1166 1167//1167 1168//1168
f 1168//1168 1169//1169 1166//1166
f 1170//1170 1171//1171 1172//1172
f 1173//1173 1172//1172 1171//1171
f 1174//1174 1175//1175 1176//1176
f 1174//1174 1177//1177 1175//1175
f 1178//1178 1179//1179 1177//1177
f 1178//1178 1177//1177 1174//1174
f 1180//1180 1181//1181 1182//1182
f 1183//1183 1184//1184 1185//1185
f 1184//1184 1183//1183 1186//1186
f 1187//1187 1188//1188 1189//1189
f 1188//1188 1187//1187 1190//1190
f 1191//1191 1192//1192 1193//1193
f 1194//1194 1195//1195 1196//1196
f 1197//1197 1196//1196 1195//1195
f 1198//1198 1199//1199 1200//1200
f 1199//1199 1198//1198 1201//1201
f 1202//1202 1203//1203 1204//1204
f 1202//1202 1205//1205 1203//1203
f 1206//1206 1207//1207 1208//1208
f 1207//1207 1206//1206 1209//1209
f 1210//1210 1211//1211 1212//1212
f 1211//1211 1210//1210 1213//1213
f 1214//1214 1215//1215 1216//1216
f 1215//1215 1214//1214 1217//1217
f 1218//1218 1219//1219 1220//1220
f 1219//1219 1218//1218 1221//1221
f 1222//1222 1223//1223 1224//1224
f 1223//1223 1222//1222 1225//1225
f 1224//1224 1223//1223 1226//1226
f 1227//1227 1228//1228 1229//1229
f 1229//1229 1230//1230 1227//1227
f 1231//1231 1232//1232 1233//1233
f 1232//1232 1234//1234 1235//1235
f 1235//1235 1233//1233 1232//1232
f 1236//1236 1237//1237 1238//1238
f 1237//1237 1236//1236 1239//1239
f 1240//1240 1241//1241 1242//1242
f 1241//1241 1240//1240 1243//1243
f 1244//1244 1245//1245 1246//1246
f 1245//1245 1244//1244 1247//1247
g Metal
usemtl Metal
f 1248//1248 1249//1249 1250//1250
f 1249//1249 1248//1248 1251//1251
f 1252//1252 1253//1253 1254//1254
f 1253//1253 1252//1252 1255//1255
f 1256//1256 1257//1257 1258//1258
f 1257//1257 1256//1256 1259//1259
f 1260//1260 1261//1261 1262//1262
f 1261//1261 1260//1260 1263//1263
f 1264//1264 1265//1265 1266//1266
f 1265//1265 1264//1264 1267//1267
f 1268//1268 1269//1269 1270//1270
f 1269//1269 1268//1268 1271//1271
f 1272//1272 1273//1273 1274//1274
f 1273//1273 1272//1272 1275//1275
f 1276//1276 1277//1277 1278//1278
f 1277//1277 1276//1276 1279//1279
f 1280//1280 1281//1281 1282//1282
f 1283//1283 1281//1281 1280//1280
f 1284//1284 1285//1285 1286//1286
f 1286//1286 1287//1287 1284//1284
f 1288//1288 1289//1289 1290//1290
f 1289//1289 1288//1288 1291//1291
f 1292//1292 1293//1293 1294//1294
f 1293//1293 1292//1292 1295//1295
f 1296//1296 1297//1297 1298//1298
f 1299//1299 1297//1297 1296//1296
f 1300//1300 1301//1301 1302//1302
f 1301//1301 1300//1300 1303//1303
f 1304//1304 1305//1305 1306//1306
f 1305//1305 1304//1304 1307//1307
f 1308//1308 1309//1309 1310//1310
f 1310//1310 1311//1311 1308//1308
f 1312//1312 1313//1313 1314//1314
f 1315//1315 1313//1313 1312//1312
f 1316//1316 1317//1317 1318//1318
f 1317//1317 1316//1316 1319//1319
f 1320//1320 1321//1321 1322//1322
f 1321//1321 1320//1320 1323//1323
f 1324//1324 1325//1325 1326//1326
f 1324//1324 1327//1327 1325//1325
f 1328//1328 1329//1329 1330//1330
f 1331//1331 1329//1329 1328//1328
f 1332//1332 1333//1333 1334//1334
f 1333//1333 1332//1332 1335//1335
f 1336//1336 1337//1337 1338//1338
f 1337//1337 1336//1336 1339//1339
f 1340//1340 1341//1341 1342//1342
f 1341//1341 1340//1340 1343//1343
f 1344//1344 1345//1345 1346//1346
f 1345//1345 1344//1344 1347//1347
f 1348//1348 1349//1349 1350//1350
f 1348//1348 1350//1350 1351//1351
f 1352//1352 1353//1353 1354//1354
f 1355//1355 1354//1354 1353//1353
f 1356//1356 1357//1357 1358//1358
f 1356//1356 1359//1359 1357//1357
f 1360//1360 1361//1361 1362//1362
f 1361//1361 1360//1360 1363//1363
f 1364//1364 1365//1365 1366//1366
f 1366//1366 1367//1367 1364//1364
f 1368//1368 1369//1369 1370//1370
f 1369//1369 1368//1368 1371//1371
f 1372//1372 1373//1373 1374//1374
f 1373//1373 1372//1372 1375//1375
f 1376//1376 1377//1377 1378//1378
f 1377//1377 1376//1376 1379//1379
f 1380//1380 1381//1381 1382//1382
f 1382//1382 1383//1383 1380//1380
f 1384//1384 1385//1385 1386//1386
f 1385//1385 1384//1384 1387//1387
f 1388//1388 1389//1389 1390//1390
f 1388//1388 1390//1390 1391//1391
f 1392//1392 1393//1393 1394//1394
f 1393//1393 1392//1392 1395//1395
f 1396//1396 1397//1397 1398//1398
f 1397//1397 1396//1396 1399//1399
f 1400//1400 1401//1401 1402//1402
f 1403//1403 1400//1400 1402//1402
f 1404//1404 1405//1405 1406//1406
f 1405//1405 1404//1404 1407//1407
f 1408//1408 1409//1409 1410//1410
f 1409//1409 1408//1408 1411//1411
f 1412//1412 1413//1413 1414//1414
f 1413//1413 1412//1412 1415//1415
f 1416//1416 1417//1417 1418//1418
f 1417//1417 1416//1416 1419//1419
f 1420//1420 1421//1421 1422//1422
f 1422//1422 1423//1423 1420//1420
f 1424//1424 1425//1425 1426//1426
f 1425//1425 1424//1424 1427//1427
f 1428//1428 1429//1429 1430//1430
f 1430//1430 1431//1431 1428//1428
f 1432//1432 1433//1433 1434//1434
f 1433//1433 1432//1432 1435//1435
f 1436//1436 1437//1437 1438//1438
f 1436//1436 1439//1439 1437//1437
f 1440//1440 1441//1441 1442//1442
f 1443//1443 1441//1441 1440//1440
f 1444//1444 1445//1445 1446//1446
f 1445//1445 1444//1444 1447//1447
f 1448//1448 1449//1449 1450//1450
f 1450//1450 1449//1449 1451//1451
f 1452//1452 1453//1453 1454//1454
f 1452//1452 1454//1454 1455//1455
f 1456//1456 1457//1457 1458//1458
f 1459//1459 1457//1457 1456//1456
f 1460//1460 1461//1461 1462//1462
f 1460//1460 1463//1463 1461//1461
f 1464//1464 1465//1465 1466//1466
f 1465//1465 1464//1464 1467//1467
f 1468//1468 1469//1469 1470//1470
f 1469//1469 1468//1468 1471//1471
f 1472//1472 1473//1473 1474//1474
f 1473//1473 1472//1472 1475//1475
f 1476//1476 1477//1477 1478//1478
f 1478//1478 1479//1479 1476//1476
f 1480//1480 1481//1481 1482//1482
f 1481//1481 1480//1480 1483//1483
f 1484//1484 1485//1485 1486//1486
f 1487//1487 1485//1485 1484//1484
f 1488//1488 1489//1489 1490//1490
f 1489//1489 1488//1488 1491//1491
f 1492//1492 1493//1493 1494//1494
f 1492//1492 1495//1495 1493//1493
f 1496//1496 1497//1497 1498//1498
f 1499//1499 1498//1498 1497//1497
f 1500//1500 1501//1501 1502//1502
f 1500//1500 1503//1503 1501//1501
f 1504//1504 1505//1505 1506//1506
f 1505//1505 1504//1504 1507//1507
f 1508//1508 1509//1509 1510//1510
f 1511//1511 1508//1508 1510//1510
f 1512//1512 1513//1513 1514//1514
f 1512//1512 1514//1514 1515//1515
f 1516//1516 1517//1517 1518//1518
f 1517//1517 1516//1516 1519//1519
f 1520//1520 1521//1521 1522//1522
f 1521//1521 1520//1520 1523//1523
f 1524//1524 1525//1525 1526//1526
f 1524//1524 1527//1527 1525//1525
f 1528//1528 1529//1529 1530//1530
f 1529//1529 1528//1528 1531//1531
f 1532//1532 1533//1533 1534//1534
f 1535//1535 1533//1533 1532//1532
f 1536//1536 1537//1537 1538//1538
f 1538//1538 1539//1539 1536//1536
f 1540//1540 1541//1541 1542//1542
f 1543//1543 1541//1541 1540//1540
f 1544//1544 1545//1545 1546//1546
f 1545//1545 1544//1544 1547//1547
f 1548//1548 1549//1549 1550//1550
f 1551//1551 1549//1549 1548//1548
f 1552//1552 1553//1553 1554//1554
f 1553//1553 1552//1552 1555//1555
f 1556//1556 1557//1557 1558//1558
f 1557//1557 1556//1556 1559//1559
f 1560//1560 1561//1561 1562//1562
f 1562//1562 1563//1563 1560//1560
f 1564//1564 1565//1565 1566//1566
f 1567//1567 1566//1566 1565//1565
f 1568//1568 1569//1569 1570//1570
f 1569//1569 1568//1568 1571//1571
f 1572//1572 1573//1573 1574//1574
f 1573//1573 1572//1572 1575//1575
f 1576//1576 1577//1577 1578//1578
f 1578//1578 1579//1579 1576//1576
f 1580//1580 1581//1581 1582//1582
f 1583//1583 1582//1582 1581//1581
f 1584//1584 1585//1585 1586//1586
f 1585//1585 1584//1584 1587//1587
f 1588//1588 1589//1589 1590//1590
f 1589//1589 1588//1588 1591//1591
f 1592//1592 1593//1593 1594//1594
f 1594//1594 1595//1595 1592//1592
f 1596//1596 1597//1597 1598//1598
f 1599//1599 1598//1598 1597//1597
f 1600//1600 1601//1601 1602//1602
f 1602//1602 1603//1603 1600//1600
f 1604//1604 1605//1605 1606//1606
f 1607//1607 1606//1606 1605//1605
f 1608//1608 1609//1609 1610//1610
f 1609//1609 1608//1608 1611//1611
f 1612//1612 1613//1613 1614//1614
f 1614//1614 1613//1613 1615//1615
f 1616//1616 1617//1617 1618//1618
f 1617//1617 1616//1616 1619//1619
f 1620//1620 1621//1621 1622//1622
f 1623//1623 1621//1621 1620//1620
f 1624//1624 1625//1625 1626//1626
f 1625//1625 1624//1624 1627//1627
f 1628//1628 1629//1629 1630//1630
f 1629//1629 1628//1628 1631//1631
f 1632//1632 1633//1633 1634//1634
f 1633//1633 1632//1632 1635//1635
f 1636//1636 1637//1637 1638//1638
f 1639//1639 1637//1637 1636//1636
f 1640//1640 1641//1641 1642//1642
f 1641//1641 1640//1640 1643//1643
f 1644//1644 1645//1645 1646//1646
f 1645//1645 1644//1644 1647//1647
f 1648//1648 1649//1649 1650//1650
f 1649//1649 1648//1648 1651//1651
f 1652//1652 1653//1653 1654//1654
f 1655//1655 1653//1653 1652//1652
f 1656//1656 1657//1657 1658//1658
f 1656//1656 1658//1658 1659//1659
f 1660//1660 1661//1661 1662//1662
f 1661//1661 1660//1660 1663//1663
f 1664//1664 1665//1665 1666//1666
f 1665//1665 1664//1664 1667//1667
f 1668//1668 1669//1669 1670//1670
f 1671//1671 1669//1669 1668//1668
f 1672//1672 1673//1673 1674//1674
f 1674//1674 1675//1675 1672//1672
f 1676//1676 1677//1677 1678//1678
f 1679//1679 1677//1677 1676//1676
f 1680//1680 1681//1681 1682//1682
f 1681//1681 1680//1680 1683//1683
f 1684//1684 1685//1685 1686//1686
f 1687//1687 1685//1685 1684//1684
f 1688//1688 1689//1689 1690//1690
f 1689//1689 1688//1688 1691//1691
f 1692//1692 1693//1693 1694//1694
f 1693//1693 1692//1692 1695//1695
f 1696//1696 1697//1697 1698//1698
f 1698//1698 1699//1699 1696//1696
f 1700//1700 1701//1701 1702//1702
f 1701//1701 1700//1700 1703//1703
f 1704//1704 1705//1705 1706//1706
f 1706//1706 1707//1707 1704//1704
f 1708//1708 1709//1709 1710//1710
f 1710//1710 1709//1709 1711//1711
f 1712//1712 1713//1713 1714//1714
f 1715//1715 1714//1714 1713//1713
f 1716//1716 1717//1717 1718//1718
f 1719//1719 1718//1718 1717//1717
f 1720//1720 1721//1721 1722//1722
f 1721//1721 1720//1720 1723//1723
f 1724//1724 1725//1725 1726//1726
f 1724//1724 1727//1727 1725//1725
f 1728//1728 1729//1729 1730//1730
f 1729//1729 1728//1728 1731//1731
f 1732//1732 1733//1733 1734//1734
f 1733//1733 1732//1732 1735//1735
f 1736//1736 1737//1737 1738//1738
f 1737//1737 1736//1736 1739//1739
f 1740//1740 1741//1741 1742//1742
f 1743//1743 1740//1740 1742//1742
f 1744//1744 1745//1745 1746//1746
f 1744//1744 1746//1746 1747//1747
f 1748//1748 1749//1749 1750//1750
f 1749//1749 1748//1748 1751//1751
f 1752//1752 1753//1753 1754//1754
f 1753//1753 1752//1752 1755//1755
f 1756//1756 1757//1757 1758//1758
f 1759//1759 1758//1758 1757//1757
f 1760//1760 1761//1761 1762//1762
f 1763//1763 1762//1762 1761//1761
f 1764//1764 1765//1765 1766//1766
f 1765//1765 1764//1764 1767//1767
f 1768//1768 1769//1769 1770//1770
f 1769//1769 1768//1768 1771//1771
f 1772//1772 1773//1773 1774//1774
f 1775//1775 1772//1772 1774//1774
f 1776//1776 1777//1777 1778//1778
f 1777//1777 1776//1776 1779//1779
f 1780//1780 1781//1781 1782//1782
f 1781//1781 1780//1780 1783//1783
f 1784//1784 1785//1785 1786//1786
f 1785//1785 1784//1784 1787//1787
f 1788//1788 1789//1789 1790//1790
f 1788//1788 1791//1791 1789//1789
f 1792//1792 1793//1793 1794//1794
f 1793//1793 1792//1792 1795//1795
f 1796//1796 1797//1797 1798//1798
f 1799//1799 1797//1797 1796//1796
f 1800//1800 1801//1801 1802//1802
f 1801//1801 1800//1800 1803//1803
f 1804//1804 1805//1805 1806//1806
f 1805//1805 1804//1804 1807//1807
f 1808//1808 1809//1809 1810//1810
f 1811//1811 1810//1810 1809//1809
f 1812//1812 1813//1813 1814//1814
f 1813//1813 1812//1812 1815//1815
f 1816//1816 1817//1817 1818//1818
f 1817//1817 1816//1816 1819//1819
f 1820//1820 1821//1821 1822//1822
f 1821//1821 1820//1820 1823//1823
f 1824//1824 1825//1825 1826//1826
f 1825//1825 1824//1824 1827//1827
f 1828//1828 1829//1829 1830//1830
f 1829//1829 1828//1828 1831//1831
f 1832//1832 1833//1833 1834//1834
f 1833//1833 1832//1832 1835//1835
f 1836//1836 1837//1837 1838//1838
f 1839//1839 1840//1840 1841//1841
f 1842//1842 1843//1843 1844//1844
f 1845//1845 1846//1846 1847//1847
f 1848//1848 1849//1849 1850//1850
f 1851//1851 1852//1852 1853//1853
f 1854//1854 1855//1855 1856//1856
f 1857//1857 1858//1858 1859//1859
f 1860//1860 1861//1861 1862//1862
f 1863//1863 1864//1864 1865//1865
f 1866//1866 1867//1867 1868//1868
f 1869//1869 1870//1870 1871//1871
f 1870//1870 1869//1869 1872//1872
f 1873//1873 1874//1874 1875//1875
f 1874//1874 1873//1873 1876//1876
f 1877//1877 1878//1878 1879//1879
f 1877//1877 1879//1879 1880//1880
f 1881//1881 1882//1882 1883//1883
f 1882//1882 1881//1881 1884//1884
f 1885//1885 1886//1886 1887//1887
f 1885//1885 1887//1887 1888//1888
f 1889//1889 1890//1890 1891//1891
f 1889//1889 1891//1891 1892//1892
f 1893//1893 1894//1894 1895//1895
f 1896//1896 1897//1897 1898//1898
f 1896//1896 1894//1894 1893//1893
f 1897//1897 1896//1896 1893//1893
f 1899//1899 1900//1900 1901//1901
f 1902//1902 1903//1903 1904//1904
f 1903//1903 1902//1902 1905//1905
f 1906//1906 1907//1907 1908//1908
f 1907//1907 1906//1906 1909//1909
f 1910//1910 1911//1911 1912//1912
f 1911//1911 1910//1910 1913//1913
f 1912//1912 1911//1911 1914//1914
f 1912//1912 1914//1914 1915//1915
f 1916//1916 1917//1917 1918//1918
f 1917//1917 1916//1916 1919//1919
f 1920//1920 1921//1921 1922//1922
f 1920//1920 1922//1922 1923//1923
f 1924//1924 1925//1925 1926//1926
f 1924//1924 1926//1926 1927//1927
f 1928//1928 1929//1929 1930//1930
f 1928//1928 1931//1931 1929//1929
f 1932//1932 1933//1933 1934//1934
f 1932//1932 1934//1934 1935//1935
f 1936//1936 1937//1937 1938//1938
f 1937//1937 1936//1936 1939//1939
f 1940//1940 1941//1941 1942//1942
f 1940//1940 1942//1942 1943//1943
f 1900//1900 1944//1944 1945//1945
f 1900//1900 1899//1899 1946//1946
f 1900//1900 1947//1947 1901//1901
f 1945//1945 1944//1944 1948//1948
f 1949//1949 1950//1950 1951//1951
f 1950//1950 1949//1949 1952//1952
f 1953//1953 1954//1954 1955//1955
f 1956//1956 1953//1953 1955//1955
f 1957//1957 1958//1958 1959//1959
f 1958//1958 1957//1957 1960//1960
f 1961//1961 1962//1962 1963//1963
f 1963//1963 1962//1962 1964//1964
f 1965//1965 1966//1966 1967//1967
f 1965//1965 1967//1967 1968//1968
f 1969//1969 1970//1970 1971//1971
f 1970//1970 1969//1969 1972//1972
f 1973//1973 1974//1974 1975//1975
f 1973//1973 1975//1975 1976//1976
f 1977//1977 1978//1978 1979//1979
f 1978//1978 1977//1977 1980//1980
f 1981//1981 1982//1982 1983//1983
f 1981//1981 1983//1983 1984//1984
f 1985//1985 1986//1986 1987//1987
f 1985//1985 1987//1987 1988//1988
f 1989//1989 1990//1990 1991//1991
f 1989//1989 1991//1991 1992//1992
f 1993//1993 1994//1994 1995//1995
f 1995//1995 1994//1994 1996//1996
f 1997//1997 1998//1998 1999//1999
f 1997//1997 1999//1999 2000//2000
f 2001//2001 2002//2002 2003//2003
f 2002//2002 2001//2001 2004//2004
f 2005//2005 2006//2006 2007//2007
f 2008//2008 2009//2009 2010//2010
f 2009//2009 2008//2008 2011//2011
f 2012//2012 2013//2013 2014//2014
f 2012//2012 2014//2014 2015//2015
f 2006//2006 2005//2005 2016//2016
f 2016//2016 2017//2017 2006//2006
f 2017//2017 2016//2016 2018//2018
f 2019//2019 2020//2020 2021//2021
f 2020//2020 2019//2019 2022//2022
f 2023//2023 2024//2024 2025//2025
f 2023//2023 2025//2025 2026//2026
f 2027//2027 2028//2028 2029//2029
f 2028//2028 2027//2027 2030//2030
f 2031//2031 2032//2032 2033//2033
f 2031//2031 2033//2033 2034//2034
f 2035//2035 2036//2036 2037//2037
f 2036//2036 2035//2035 2038//2038
f 2039//2039 2040//2040 2041//2041
f 2041//2041 2040//2040 2042//2042
f 2043//2043 2044//2044 2045//2045
f 2044//2044 2043//2043 2046//2046
f 2047//2047 2048//2048 2049//2049
f 2050//2050 2047//2047 2049//2049
f 2051//2051 2052//2052 2053//2053
f 2054//2054 2055//2055 2056//2056
f 2055//2055 2054//2054 2057//2057
f 2058//2058 2059//2059 2060//2060
f 2059//2059 2058//2058 2061//2061
f 2062//2062 2063//2063 2064//2064
f 2063//2063 2062//2062 2065//2065
f 2066//2066 2067//2067 2068//2068
f 2067//2067 2066//2066 2069//2069
f 2070//2070 2071//2071 2072//2072
f 2070//2070 2072//2072 2073//2073
f 2074//2074 2075//2075 2076//2076
f 2075//2075 2074//2074 2077//2077
f 2078//2078 2079//2079 2080//2080
f 2078//2078 2080//2080 2081//2081
f 2082//2082 2083//2083 2084//2084
f 2082//2082 2084//2084 2085//2085
f 2052//2052 2086//2086 2087//2087
f 2052//2052 2051//2051 2088//2088
f 2087//2087 2086//2086 2089//2089
f 2090//2090 2091//2091 2092//2092
f 2090//2090 2092//2092 2093//2093
f 2094//2094 2095//2095 2096//2096
f 2095//2095 2094//2094 2097//2097
f 2098//2098 2099//2099 2100//2100
f 2099//2099 2098//2098 2101//2101
f 2102//2102 2103//2103 2104//2104
f 2103//2103 2102//2102 2105//2105
f 2106//2106 2107//2107 2108//2108
f 2107//2107 2106//2106 2109//2109
f 2110//2110 2111//2111 2112//2112
f 2112//2112 2111//2111 2113//2113
f 2114//2114 2115//2115 2116//2116
f 2114//2114 2116//2116 2117//2117
f 2118//2118 2119//2119 2120//2120
f 2118//2118 2120//2120 2121//2121
f 2122//2122 2123//2123 2124//2124
f 2123//2123 2122//2122 2125//2125
f 2126//2126 2127//2127 2128//2128
f 2127//2127 2126//2126 2129//2129
f 2130//2130 2131//2131 2132//2132
f 2131//2131 2130//2130 2133//2133
f 2134//2134 2135//2135 2136//2136
f 2136//2136 2135//2135 2137//2137
f 2138//2138 2139//2139 2140//2140
f 2139//2139 2138//2138 2141//2141
f 2142//2142 2143//2143 2144//2144
f 2145//2145 2142//2142 2144//2144
f 2146//2146 2147//2147 2148//2148
f 2147//2147 2146//2146 2149//2149
f 2150//2150 2151//2151 2152//2152
f 2151//2151 2150//2150 1894//1894
f 2153//2153 2154//2154 2155//2155
f 2153//2153 2155//2155 2156//2156
f 2157//2157 2158//2158 2159//2159
f 2158//2158 2157//2157 2160//2160
f 2161//2161 2162//2162 2163//2163
f 2162//2162 2161//2161 2164//2164
f 2165//2165 2166//2166 2167//2167
f 2168//2168 2167//2167 2166//2166
f 2169//2169 2170//2170 2171//2171
f 2170//2170 2169//2169 2172//2172
f 2173//2173 2174//2174 2175//2175
f 2176//2176 2175//2175 2174//2174
f 2177//2177 2178//2178 2179//2179
f 2178//2178 2177//2177 2180//2180
f 2181//2181 2182//2182 2183//2183
f 2182//2182 2181//2181 2184//2184
f 2185//2185 2186//2186 2187//2187
f 2187//2187 2188//2188 2185//2185
f 2189//2189 2190//2190 2191//2191
f 2190//2190 2189//2189 2192//2192
f 2193//2193 2194//2194 2195//2195
f 2194//2194 2193//2193 2196//2196
f 2197//2197 2198//2198 2199//2199
f 2197//2197 2199//2199 2200//2200
f 2201//2201 2202//2202 2203//2203
f 2202//2202 2201//2201 2204//2204
f 2205//2205 2206//2206 2207//2207
f 2206//2206 2205//2205 2208//2208
f 2209//2209 2210//2210 2211//2211
f 2209//2209 2211//2211 2212//2212
f 2213//2213 2214//2214 2215//2215
f 2213//2213 2215//2215 2216//2216
f 2217//2217 2218//2218 2219//2219
f 2218//2218 2217//2217 2220//2220
f 2221//2221 2222//2222 2223//2223
f 2222//2222 2221//2221 2224//2224
f 2225//2225 2226//2226 2227//2227
f 2226//2226 2225//2225 2228//2228
f 2229//2229 2230//2230 2231//2231
f 2230//2230 2229//2229 2232//2232
f 2233//2233 2234//2234 2235//2235
f 2236//2236 2235//2235 2234//2234
f 2237//2237 2238//2238 2239//2239
f 2237//2237 2239//2239 2240//2240
f 2241//2241 2242//2242 2243//2243
f 2242//2242 2241//2241 2244//2244
f 2245//2245 2246//2246 2247//2247
f 2246//2246 2245//2245 2248//2248
f 2249//2249 2250//2250 2251//2251
f 2250//2250 2249//2249 2252//2252
f 2253//2253 2254//2254 2255//2255
f 2254//2254 2253//2253 2256//2256
f 2257//2257 2258//2258 2259//2259
f 2258//2258 2257//2257 2260//2260
f 2261//2261 2262//2262 2263//2263
f 2261//2261 2263//2263 2264//2264
f 2265//2265 2266//2266 2267//2267
f 2266//2266 2265//2265 2268//2268
f 2269//2269 2270//2270 2271//2271
f 2269//2269 2271//2271 2272//2272
f 2273//2273 2274//2274 2275//2275
f 2274//2274 2273//2273 2276//2276
f 2277//2277 2278//2278 2279//2279
f 2278//2278 2277//2277 2280//2280
f 2281//2281 2282//2282 2283//2283
f 2282//2282 2281//2281 2284//2284
f 2285//2285 2286//2286 2287//2287
f 2286//2286 2285//2285 2288//2288
f 2289//2289 2290//2290 2291//2291
f 2290//2290 2289//2289 2292//2292
f 2293//2293 2294//2294 2295//2295
f 2294//2294 2293//2293 2296//2296
f 2297//2297 2298//2298 2299//2299
f 2297//2297 2299//2299 2300//2300
f 2301//2301 2302//2302 2303//2303
f 2303//2303 2304//2304 2301//2301
f 2305//2305 2306//2306 2307//2307
f 2308//2308 2309//2309 2310//2310
f 2309//2309 2308//2308 2305//2305
f 2311//2311 2312//2312 2313//2313
f 2311//2311 2313//2313 2314//2314
f 2315//2315 2316//2316 2317//2317
f 2318//2318 2317//2317 2316//2316
f 2319//2319 2320//2320 2321//2321
f 2320//2320 2319//2319 2322//2322
f 2323//2323 2324//2324 2325//2325
f 2324//2324 2323//2323 2326//2326
f 2327//2327 2328//2328 2329//2329
f 2327//2327 2329//2329 2330//2330
f 2331//2331 2332//2332 2333//2333
f 2332//2332 2331//2331 2334//2334
f 2335//2335 2336//2336 2337//2337
f 2336//2336 2335//2335 2338//2338
f 2339//2339 2340//2340 2341//2341
f 2340//2340 2339//2339 2342//2342
f 2343//2343 2344//2344 2345//2345
f 2344//2344 2343//2343 2346//2346
f 2347//2347 2348//2348 2349//2349
f 2348//2348 2347//2347 2350//2350
f 2351//2351 2352//2352 2353//2353
f 2352//2352 2351//2351 2354//2354
f 2355//2355 2356//2356 2357//2357
f 2355//2355 2357//2357 2358//2358
f 2359//2359 2360//2360 2361//2361
f 2360//2360 2359//2359 2362//2362
f 2363//2363 2364//2364 2365//2365
f 2364//2364 2363//2363 2366//2366
f 2367//2367 2368//2368 2369//2369
f 2368//2368 2367//2367 2370//2370
f 2371//2371 2198//2198 2197//2197
f 2371//2371 2197//2197 2306//2306
f 2372//2372 2306//2306 2373//2373
f 2306//2306 2197//2197 2242//2242
f 2306//2306 2305//2305 2308//2308
f 2306//2306 2372//2372 2371//2371
f 2374//2374 2375//2375 2376//2376
f 2375//2375 2374//2374 2377//2377
f 2378//2378 2379//2379 2380//2380
f 2379//2379 2378//2378 2381//2381
f 2382//2382 2383//2383 2384//2384
f 2383//2383 2382//2382 2385//2385
f 2386//2386 2387//2387 2388//2388
f 2387//2387 2386//2386 2389//2389
f 2390//2390 2391//2391 2392//2392
f 2391//2391 2390//2390 2393//2393
f 2394//2394 2395//2395 2396//2396
f 2397//2397 2396//2396 2395//2395
f 2398//2398 2399//2399 2400//2400
f 2399//2399 2398//2398 2401//2401
f 2402//2402 2403//2403 2404//2404
f 2403//2403 2402//2402 2405//2405
f 2406//2406 2407//2407 2408//2408
f 2407//2407 2406//2406 2409//2409
f 2410//2410 2411//2411 2412//2412
f 2411//2411 2410//2410 2413//2413
f 2414//2414 2415//2415 2416//2416
f 2414//2414 2416//2416 2417//2417
f 2418//2418 2419//2419 2420//2420
f 2419//2419 2418//2418 2421//2421
f 2422//2422 2423//2423 2424//2424
f 2424//2424 2425//2425 2422//2422
f 2426//2426 2427//2427 2428//2428
f 2427//2427 2426//2426 2429//2429
f 2430//2430 2431//2431 2432//2432
f 2430//2430 2432//2432 2433//2433
f 2434//2434 2435//2435 2436//2436
f 2435//2435 2434//2434 2437//2437
f 2438//2438 2439//2439 2440//2440
f 2439//2439 2438//2438 2441//2441
f 2442//2442 2443//2443 2444//2444
f 2442//2442 2444//2444 2445//2445
f 2446//2446 2447//2447 2448//2448
f 2446//2446 2448//2448 2449//2449
f 2450//2450 2451//2451 2452//2452
f 2450//2450 2452//2452 2453//2453
f 2454//2454 2455//2455 2456//2456
f 2457//2457 2456//2456 2455//2455
f 2458//2458 2459//2459 2460//2460
f 2459//2459 2458//2458 2461//2461
f 2462//2462 2463//2463 2464//2464
f 2463//2463 2462//2462 2465//2465
f 2466//2466 2467//2467 2468//2468
f 2469//2469 2468//2468 2467//2467
f 2470//2470 2471//2471 2472//2472
f 2471//2471 2470//2470 2473//2473
f 2474//2474 2475//2475 2476//2476
f 2474//2474 2477//2477 2475//2475
f 2478//2478 2198//2198 2479//2479
f 2480//2480 2481//2481 2482//2482
f 2481//2481 2480//2480 2483//2483
f 2484//2484 2485//2485 2486//2486
f 2485//2485 2484//2484 2487//2487
f 2198//2198 2488//2488 2199//2199
f 2198//2198 2489//2489 2488//2488
f 2198//2198 2371//2371 2490//2490
f 2198//2198 2478//2478 2489//2489
f 2479//2479 2490//2490 2491//2491
f 2490//2490 2479//2479 2198//2198
f 2492//2492 2493//2493 2494//2494
f 2493//2493 2492//2492 2495//2495
f 2496//2496 2497//2497 2498//2498
f 2497//2497 2496//2496 2499//2499
f 2500//2500 2501//2501 2502//2502
f 2500//2500 2503//2503 2501//2501
f 2504//2504 2505//2505 2506//2506
f 2505//2505 2504//2504 2507//2507
f 2508//2508 2509//2509 2510//2510
f 2508//2508 2511//2511 2509//2509
f 2512//2512 2513//2513 2514//2514
f 2513//2513 2512//2512 2515//2515
f 2516//2516 2517//2517 2518//2518
f 2517//2517 2516//2516 2519//2519
f 2520//2520 2521//2521 2522//2522
f 2521//2521 2520//2520 2523//2523
f 2524//2524 2525//2525 2526//2526
f 2525//2525 2524//2524 2527//2527
f 2528//2528 2529//2529 2530//2530
f 2529//2529 2528//2528 2531//2531
f 2532//2532 2533//2533 2534//2534
f 2533//2533 2532//2532 2535//2535
f 2536//2536 2537//2537 2538//2538
f 2537//2537 2536//2536 2539//2539
f 2540//2540 2541//2541 2542//2542
f 2541//2541 2540//2540 2543//2543
f 2544//2544 2545//2545 2546//2546
f 2545//2545 2544//2544 2547//2547
f 2548//2548 2549//2549 2550//2550
f 2549//2549 2548//2548 2551//2551
f 2552//2552 2553//2553 2554//2554
f 2552//2552 2555//2555 2553//2553
f 2556//2556 2557//2557 2558//2558
f 2557//2557 2556//2556 2559//2559
f 2560//2560 2561//2561 2562//2562
f 2561//2561 2560//2560 2563//2563
f 2564//2564 2565//2565 2566//2566
f 2564//2564 2566//2566 2567//2567
f 2568//2568 2569//2569 2570//2570
f 2569//2569 2568//2568 2571//2571
f 2572//2572 2573//2573 2574//2574
f 2573//2573 2572//2572 2575//2575
f 2576//2576 2577//2577 2578//2578
f 2576//2576 2579//2579 2577//2577
f 2580//2580 2581//2581 2582//2582
f 2581//2581 2580//2580 2583//2583
